problems2021-atcoss-mesat-atcoss_mesat_06, 3153.47, 0.016610, 537.6, 3099.24, 2614371080, 0.124708, 0.037792, 549.4, 19149.41, 7509.1, 1
problems2021-ConsistentQueryAnswering-synthetic-2, 2.44, 2.310373, 21.9, 200.38, 18391425827, 106.612938, 48.212335, 11840.5, 1825.56, 65538.2, 0
problems2021-exploits-synthesis_changjian_zhang-flush_reload_min, 278.78, 0.236708, 878.9, 305.39, 562154000, 1.630969, 0.441457, 955.0, 36001.37, 39706.4, 0
problems2021-exploits-synthesis_changjian_zhang-spectre_min, 3600.20, 0.901114, 3489.6, NA, NA, NA, NA, NA, NA, NA, NA
problems2021-frb-frb35-17-5.partial, 160.90, 0.040834, 55.7, 181.42, 946235025, 0.464516, 0.137685, 63.6, 13659.24, 5962.2, 1
problems2021-gen-hyper-tw-GenHyperTW_grid5, 826.26, 0.000304, 92.4, 872.39, 3839774614, 0.002505, 0.000925, 91.8, 4852.04, 442.0, 1
problems2021-HaplotypeAssembly-splitedReads_0.matrix, 3600.39, 17.338340, 6579.0, NA, NA, NA, NA, NA, NA, NA, NA
problems2021-HaplotypeAssembly-splitedReads_137.matrix, 670.58, 8.876978, 3534.2, 921.82, 13020748485, 78.976075, 21.347353, 8765.4, 10988.98, 65540.7, 0
problems2021-HaplotypeAssembly-splitedReads_158.matrix, 1371.30, 17.584755, 6485.9, 1746.08, 20212356502, 177.928740, 41.659982, 16465.9, 12918.55, 65543.0, 0
problems2021-HaplotypeAssembly-splitedReads_160.matrix, 1551.00, 23.505223, 8504.8, 1899.70, 11395929647, 177.808601, 52.090844, 21404.1, 18646.63, 65536.4, 0
problems2021-HaplotypeAssembly-splitedReads_18.matrix, 1130.45, 11.947341, 4431.2, 1423.77, 15707675507, 114.153200, 28.073203, 11145.2, 14072.34, 65537.1, 0
problems2021-HaplotypeAssembly-splitedReads_414.matrix, 1219.43, 13.364035, 5273.2, 1656.45, 17175675079, 131.711987, 32.534437, 13069.3, 15040.42, 65537.7, 0
problems2021-hs-timetabling-GreeceWesternGreeceUniversityInstance4.xml, 3600.08, , 798.8, NA, NA, NA, NA, NA, NA, NA, NA
problems2021-kbtree-kbtree9_7_3_5_20_4.wcsp, 3.76, 0.048249, 28.9, 4.94, 92386823, 0.517997, 0.159132, 67.2, 11991.43, 7270.7, 1
problems2021-kbtree-kbtree9_7_3_5_20_6.wcsp, 0.45, 0.048492, 28.7, 1.85, 82372350, 0.522697, 0.159082, 67.0, 11746.11, 7468.7, 1
problems2021-kbtree-kbtree9_7_3_5_30_1.wcsp, 212.07, 0.066522, 46.7, 226.28, 703040526, 0.745363, 0.219430, 93.7, 28947.30, 12763.0, 1
problems2021-kbtree-kbtree9_7_3_5_30_4.wcsp, 30.48, 0.064216, 39.6, 34.23, 196904671, 0.722533, 0.211538, 90.7, 25367.96, 12238.9, 1
problems2021-kbtree-kbtree9_7_3_5_30_5.wcsp, 26.19, 0.068917, 40.3, 28.83, 184813444, 0.724580, 0.216009, 91.8, 25889.23, 11723.8, 1
problems2021-kbtree-kbtree9_7_3_5_40_2.wcsp, 3600.07, 0.096425, 146.9, NA, NA, NA, NA, NA, NA, NA, NA
problems2021-kbtree-kbtree9_7_3_5_40_4.wcsp, 3600.11, 0.097821, 158.0, NA, NA, NA, NA, NA, NA, NA, NA
problems2021-kbtree-kbtree9_7_3_5_40_6.wcsp, 3600.05, 0.096712, 149.8, NA, NA, NA, NA, NA, NA, NA, NA
problems2021-kbtree-kbtree9_7_3_5_50_3.wcsp, 3600.06, 0.100555, 188.9, NA, NA, NA, NA, NA, NA, NA, NA
problems2021-kbtree-kbtree9_7_3_5_60_4.wcsp, 3600.07, 0.112117, 250.9, NA, NA, NA, NA, NA, NA, NA, NA
problems2021-kbtree-kbtree9_7_3_5_70_6.wcsp, 3600.14, 0.117370, 275.9, NA, NA, NA, NA, NA, NA, NA, NA
problems2021-kbtree-kbtree9_7_3_5_90_2.wcsp, 3600.14, 0.114398, 310.3, NA, NA, NA, NA, NA, NA, NA, NA
problems2021-large-graph-commmunity-detection_jabbour-AMAZON, 601.14, , 32769.3, NA, NA, NA, NA, NA, NA, NA, NA
problems2021-large-graph-commmunity-detection_jabbour-DBLP, 229.60, , 32776.4, NA, NA, NA, NA, NA, NA, NA, NA
problems2021-large-graph-commmunity-detection_jabbour-FOOTBALL, 0.26, 0.002116, 0.0, 0.43, 3272740, 0.018331, 0.007088, 4.2, 8.39, 95.4, 1
problems2021-large-graph-commmunity-detection_jabbour-KARATE, 0.77, 0.000237, 0.0, 0.82, 224217, 0.001655, 0.001886, 0.0, 1.51, 18.6, 1
problems2021-large-graph-commmunity-detection_jabbour-POLITICSBOOK, 0.91, 0.001802, 0.0, 1.03, 2250091, 0.014861, 0.006583, 0.0, 6.08, 77.8, 1
problems2021-large-graph-commmunity-detection_jabbour-RAILWAY, 1.32, 0.009861, 7.8, 1.51, 18430984, 0.107842, 0.031297, 14.7, 227.53, 726.4, 1
problems2021-large-graph-commmunity-detection_jabbour-RISKMAP, 0.10, 0.000411, 0.0, 0.16, 351451, 0.002812, 0.002324, 0.0, 1.25, 24.3, 1
problems2021-large-graph-commmunity-detection_jabbour-YOUTUBE, 205.39, , 32769.3, NA, NA, NA, NA, NA, NA, NA, NA
problems2021-logic-synthesis-normalized-9sym.b.opb.msat, 1.13, 0.012735, 8.9, 0.68, 20247269, 0.131997, 0.039712, 18.2, 383.53, 994.8, 1
problems2021-logic-synthesis-normalized-alu4.b.opb.msat, 3600.07, 0.084887, 291.7, NA, NA, NA, NA, NA, NA, NA, NA
problems2021-logic-synthesis-normalized-apex4.a.opb.msat, 3600.26, 2.974395, 3198.8, NA, NA, NA, NA, NA, NA, NA, NA
problems2021-logic-synthesis-normalized-bench1.pi.opb.msat, 3600.31, 3.647556, 2468.9, NA, NA, NA, NA, NA, NA, NA, NA
problems2021-logic-synthesis-normalized-count.b.opb.msat, 16.09, 0.026656, 21.6, 18.14, 149789259, 0.283745, 0.086706, 37.4, 2740.83, 3040.2, 1
problems2021-logic-synthesis-normalized-e64.b.opb.msat, 3600.05, 0.043732, 301.4, NA, NA, NA, NA, NA, NA, NA, NA
problems2021-logic-synthesis-normalized-ex5.pi.opb.msat, 3600.17, 0.922875, 906.1, NA, NA, NA, NA, NA, NA, NA, NA
problems2021-logic-synthesis-normalized-exam.pi.opb.msat, 3600.28, 3.587046, 4000.7, NA, NA, NA, NA, NA, NA, NA, NA
problems2021-logic-synthesis-normalized-f51m.b.opb.msat, 50.74, 0.020938, 21.7, 56.25, 298653258, 0.218177, 0.082307, 30.8, 1742.47, 2066.1, 1
problems2021-logic-synthesis-normalized-jac3.opb.msat, 3600.14, 0.441745, 511.1, NA, NA, NA, NA, NA, NA, NA, NA
problems2021-logic-synthesis-normalized-sao2.b.opb.msat, 864.94, 0.017450, 60.7, 946.56, 5274733325, 0.181809, 0.058191, 61.7, 7606.93, 1696.3, 1
problems2021-logic-synthesis-normalized-test4.pi.opb.msat, 3600.38, 6.296739, 4887.2, NA, NA, NA, NA, NA, NA, NA, NA
problems2021-maxclique-structured-brock200_3.clq, 93.42, 0.005698, 25.5, 101.03, 408905690, 0.055462, 0.017307, 26.0, 697.05, 363.8, 1
problems2021-maxclique-structured-c-fat200-1.clq, 0.90, 0.005738, 0.0, 1.10, 7537156, 0.056234, 0.017328, 9.7, 45.81, 341.6, 1
problems2021-maxclique-structured-c-fat200-2.clq, 0.26, 0.005980, 0.0, 0.45, 7322555, 0.056831, 0.017838, 9.7, 45.26, 340.5, 1
problems2021-maxclique-structured-c-fat500-5.clq, 1.25, 0.030952, 25.5, 1.58, 52610786, 0.328229, 0.096892, 49.3, 3715.68, 3777.1, 1
problems2021-maxclique-structured-hamming10-4.clq, 3600.14, 0.133478, 1049.1, NA, NA, NA, NA, NA, NA, NA, NA
problems2021-maxclique-structured-hamming6-4.clq, 0.86, 0.000795, 0.0, 0.92, 829051, 0.005899, 0.003318, 0.0, 2.97, 35.8, 1
problems2021-maxclique-structured-johnson16-2-4.clq, 6.07, 0.002272, 7.9, 6.66, 53828431, 0.018990, 0.007520, 7.8, 56.47, 109.4, 1
problems2021-maxclique-structured-johnson32-2-4.clq, 3600.09, 0.030224, 565.4, NA, NA, NA, NA, NA, NA, NA, NA
problems2021-maxclique-structured-johnson8-2-4.clq, 0.75, 0.000187, 0.0, 0.80, 175260, 0.002560, 0.000715, 0.0, 1.39, 17.3, 1
problems2021-maxclique-structured-johnson8-4-4.clq, 0.78, 0.000914, 0.0, 0.85, 980576, 0.006992, 0.003735, 0.0, 3.17, 40.0, 1
problems2021-maxclique-structured-p_hat1000-2.clq, 3600.12, 0.140515, 595.4, NA, NA, NA, NA, NA, NA, NA, NA
problems2021-maxclique-structured-p_hat700-2.clq, 3600.05, 0.057338, 422.4, NA, NA, NA, NA, NA, NA, NA, NA
problems2021-maxcut-bipartite-maxcut-140-630-0.7-12, 3600.08, 0.196868, 659.4, NA, NA, NA, NA, NA, NA, NA, NA
problems2021-maxcut-bipartite-maxcut-140-630-0.7-20, 3600.10, 0.212508, 736.2, NA, NA, NA, NA, NA, NA, NA, NA
problems2021-maxcut-bipartite-maxcut-140-630-0.7-28, 3600.11, 0.223254, 642.4, NA, NA, NA, NA, NA, NA, NA, NA
problems2021-maxcut-bipartite-maxcut-140-630-0.7-45, 3600.11, 0.219744, 535.3, NA, NA, NA, NA, NA, NA, NA, NA
problems2021-maxcut-bipartite-maxcut-140-630-0.7-4, 3600.11, 0.201470, 512.1, NA, NA, NA, NA, NA, NA, NA, NA
problems2021-maxcut-bipartite-maxcut-140-630-0.7-6, 3600.11, 0.204766, 634.6, NA, NA, NA, NA, NA, NA, NA, NA
problems2021-maxcut-bipartite-maxcut-140-630-0.8-18, 3600.08, 0.209022, 672.1, NA, NA, NA, NA, NA, NA, NA, NA
problems2021-maxcut-bipartite-maxcut-140-630-0.8-1, 3600.15, 0.209106, 661.1, NA, NA, NA, NA, NA, NA, NA, NA
problems2021-maxcut-bipartite-maxcut-140-630-0.8-26, 3600.06, 0.211206, 517.0, NA, NA, NA, NA, NA, NA, NA, NA
problems2021-maxcut-bipartite-maxcut-140-630-0.8-39, 3600.13, 0.220204, 669.8, NA, NA, NA, NA, NA, NA, NA, NA
problems2021-maxcut-dimacs_mod-brock200_3.clq, 3600.15, 0.143342, 262.7, NA, NA, NA, NA, NA, NA, NA, NA
problems2021-maxcut-dimacs_mod-johnson8-2-4.clq, 124.70, 0.022359, 31.1, 131.94, 164773550, 0.232082, 0.074148, 38.4, 2070.36, 2258.8, 1
problems2021-MaximumCommonSub-GraphExtraction-solved-g2_n30e41_n31e38, 434.04, 0.000365, 32.9, 484.17, 3744258225, 0.002559, 0.002546, 33.0, 1766.33, 173.3, 1
problems2021-MaximumCommonSub-GraphExtraction-solved-g2_n35e34_n58e61, 3600.10, 0.000273, 153.9, NA, NA, NA, NA, NA, NA, NA, NA
problems2021-MaximumCommonSub-GraphExtraction-solved-g2_n37e35_n39e39, 387.36, 0.000256, 57.4, 413.79, 1672277551, 0.001917, 0.000727, 57.5, 1054.17, 234.7, 1
problems2021-MaximumCommonSub-GraphExtraction-solved-g2_n41e59_n41e44, 1185.02, 0.000668, 75.6, 1307.92, 8113766418, 0.005104, 0.003147, 76.1, 4854.56, 331.4, 1
problems2021-MaximumCommonSub-GraphExtraction-solved-g2_n57e60_n61e85, 3600.12, 0.000631, 146.0, NA, NA, NA, NA, NA, NA, NA, NA
problems2021-MaximumCommonSub-GraphExtraction-solved-g2_n58e76_n72e90, 2231.87, 0.000832, 124.6, 2421.80, 5851731747, 0.007377, 0.002786, 124.5, 5985.15, 639.7, 1
problems2021-MaximumCommonSub-GraphExtraction-solved-g2_n66e80_n71e77, 3600.10, 0.001133, 122.5, NA, NA, NA, NA, NA, NA, NA, NA
problems2021-MaximumCommonSub-GraphExtraction-solved-g4_n47e57_n48e52_n133e169_n141e184, 15.89, 0.000474, 40.3, 16.70, 32207779, 0.004488, 0.001673, 40.4, 45.40, 379.6, 1
problems2021-MaximumCommonSub-GraphExtraction-solved-g5_n38e52_n45e51_n47e60_n54e68_n57e72, 314.46, 0.000533, 78.4, 326.71, 1134400352, 0.003966, 0.001427, 78.4, 1125.16, 335.5, 1
problems2021-MaximumCommonSub-GraphExtraction-solved-g6_n35e48_n39e54_n41e57_n42e58_n53e75_n59e84, 1159.79, 0.000463, 168.9, 1210.68, 2191368052, 0.003442, 0.001267, 169.0, 2880.59, 785.8, 1
problems2021-MaximumCommonSub-GraphExtraction-solved-g7_n22e21_n24e23_n45e41_n49e44_n53e61_n54e48_n56e64, 431.81, 0.000145, 133.5, 439.49, 257627538, 0.000816, 0.000345, 133.5, 797.21, 738.2, 1
problems2021-MaximumCommonSub-GraphExtraction-solved-g7_n25e24_n28e29_n32e33_n35e34_n37e37_n38e39_n40e39, 74.88, 0.000219, 63.8, 78.45, 107181861, 0.000989, 0.000402, 63.9, 168.37, 384.7, 1
problems2021-maxone-structured-3col100_5_10.shuffled.cnf, 0.61, 0.005862, 0.0, 0.84, 7089435, 0.056452, 0.016105, 8.6, 39.24, 327.8, 1
problems2021-maxone-structured-3col100_5_5.shuffled.cnf, 0.79, 0.005565, 4.8, 1.04, 7367024, 0.059398, 0.015854, 8.6, 38.36, 328.3, 1
problems2021-maxone-structured-3col100_5_9.shuffled.cnf, 0.80, 0.005862, 0.0, 1.02, 7448189, 0.059802, 0.015806, 6.3, 39.25, 328.1, 1
problems2021-maxone-structured-3col120_5_1.shuffled.cnf, 1.02, 0.010956, 6.3, 0.76, 15301396, 0.079659, 0.023157, 12.0, 115.37, 522.6, 1
problems2021-maxone-structured-3col120_5_3.shuffled.cnf, 1.29, 0.011636, 6.3, 1.11, 15276421, 0.075809, 0.022623, 11.7, 108.84, 523.9, 1
problems2021-maxone-structured-3col120_5_4.shuffled.cnf, 1.22, 0.007796, 6.0, 0.86, 13460273, 0.077275, 0.023270, 11.9, 115.55, 524.3, 1
problems2021-maxone-structured-3col120_5_5.shuffled.cnf, 1.50, 0.007870, 6.6, 1.51, 14587496, 0.076717, 0.030539, 11.7, 111.24, 522.4, 1
problems2021-maxone-structured-3col120_5_7.shuffled.cnf, 0.91, 0.007617, 7.0, 1.85, 13158774, 0.075861, 0.027181, 12.0, 109.81, 522.1, 1
problems2021-maxone-structured-3col80_5_10.shuffled.cnf, 1.00, 0.003804, 0.0, 0.12, 4327638, 0.033161, 0.010799, 0.0, 15.60, 196.7, 1
problems2021-maxone-structured-3col80_5_1.shuffled.cnf, 0.63, 0.003768, 0.0, 0.75, 4260894, 0.032368, 0.010513, 0.0, 15.34, 198.7, 1
problems2021-maxone-structured-3col80_5_4.shuffled.cnf, 0.98, 0.003786, 0.0, 0.11, 4328729, 0.033442, 0.010761, 0.0, 15.64, 196.7, 1
problems2021-maxone-structured-ezfact32_2.shuffled.cnf, 0.40, 0.067962, 36.4, 1.93, 99897554, 0.759538, 0.231731, 91.7, 29672.03, 13305.3, 1
problems2021-MaxSATQueriesinInterpretableClassifiers-MLIC_maxsat_benchmarks-credit_train_1_DNF_3_1, 115.31, , 32792.0, NA, NA, NA, NA, NA, NA, NA, NA
problems2021-MaxSATQueriesinInterpretableClassifiers-MLIC_maxsat_benchmarks-parkinsons_test_1_CNF_4_1, 1.00, 0.006607, 0.0, 0.16, 7791924, 0.068993, 0.021937, 10.0, 79.48, 424.0, 1
problems2021-MaxSATQueriesinInterpretableClassifiers-MLIC_maxsat_benchmarks-toms_test_1_DNF_1_1, 3600.14, 2.328994, 1105.0, NA, NA, NA, NA, NA, NA, NA, NA
problems2021-MaxSATQueriesinInterpretableClassifiers-MLIC_maxsat_benchmarks-wdbc_train_0_CNF_2_1, 1264.04, 0.058095, 144.5, 1534.11, 3003047877, 0.622072, 0.191044, 147.9, 21488.70, 9227.0, 1
problems2021-MaxSATQueriesinInterpretableClassifiers-wcnf_gz-adult_test_7_DNF_1_1, 2.52, 0.541851, 161.0, 21.30, 1718213651, 10.260471, 4.304130, 1226.6, 2343.20, 65536.1, 0
problems2021-MaxSATQueriesinInterpretableClassifiers-wcnf_gz-adult_test_9_CNF_1_1, 1.35, 0.476802, 152.9, 18.96, 1621518103, 10.139339, 4.252256, 1220.2, 1695.98, 65550.3, 0
problems2021-MaxSATQueriesinInterpretableClassifiers-wcnf_gz-ilpd_train_9_CNF_5_1, 3600.09, 0.042969, 346.2, NA, NA, NA, NA, NA, NA, NA, NA
problems2021-MaxSATQueriesinInterpretableClassifiers-wcnf_gz-parkinsons_test_6_CNF_5_1, 0.13, 0.009571, 0.0, 0.34, 11688778, 0.101003, 0.030125, 9.4, 198.62, 714.8, 1
problems2021-MaxSATQueriesinInterpretableClassifiers-wcnf_gz-parkinsons_train_6_DNF_3_1, 10.25, 0.013882, 17.4, 11.90, 97315456, 0.143179, 0.042576, 23.2, 546.67, 1188.9, 1
problems2021-MaxSATQueriesinInterpretableClassifiers-wcnf_gz-titanic_test_5_CNF_1_1, 0.69, 0.003389, 0.0, 0.78, 3655815, 0.029081, 0.010613, 0.0, 13.13, 180.5, 1
problems2021-MaxSATQueriesinInterpretableClassifiers-wcnf_gz-titanic_train_5_DNF_2_1, 234.51, 0.193899, 107.2, 265.31, 341774419, 1.990756, 0.572764, 246.5, 36001.18, 47942.1, 0
problems2021-MaxSATQueriesinInterpretableClassifiers-wcnf_gz-transfusion_train_4_DNF_5_1, 14.04, 0.060166, 36.0, 21.81, 107667665, 0.657846, 0.194115, 82.5, 19492.08, 9808.4, 1
problems2021-mbd-b14_C-mbd14-0329, 3600.13, 0.441394, 485.2, NA, NA, NA, NA, NA, NA, NA, NA
problems2021-mbd-b15_C-mbd14-0240, 3600.11, 0.700453, 327.6, NA, NA, NA, NA, NA, NA, NA, NA
problems2021-mbd-b17_C-mbd14-0348, 1637.65, 9.760857, 3478.7, 2399.05, 14313123147, 87.821099, 21.463034, 8623.4, 10237.51, 65536.0, 0
problems2021-mbd-b17_C-mbd14-0359, 940.57, 9.287945, 3478.4, 1119.26, 13374066686, 81.059531, 21.132672, 8623.1, 10206.54, 65538.4, 0
problems2021-mbd-b17_C-mbd14-0390, 1019.85, 10.099128, 3463.7, 1170.03, 13056932043, 88.405156, 21.593223, 8610.2, 10257.41, 65541.6, 0
problems2021-mbd-b20_C-mbd14-0238, 151.46, 2.087116, 862.6, 196.24, 3169509684, 18.425077, 5.113787, 2105.9, 3790.96, 65536.2, 0
problems2021-mbd-b20_C-mbd14-0259, 3075.45, 2.204467, 864.6, 3558.79, 5642163686, 18.673534, 5.182521, 2107.0, 3929.35, 65537.5, 0
problems2021-mbd-b20_C-mbd14-0359, 1293.71, 2.222586, 863.1, 1511.66, 4075991681, 18.912340, 5.110914, 2105.4, 3719.07, 65537.1, 0
problems2021-mbd-b21_C-mbd14-0230, 3600.11, 2.140486, 1132.3, NA, NA, NA, NA, NA, NA, NA, NA
problems2021-mbd-b21_C-mbd14-0347, 97.74, 2.275611, 843.7, 146.76, 2936312759, 19.741046, 5.074547, 2056.1, 3819.14, 65538.1, 0
problems2021-mbd-b21_C-mbd14-0374, 3600.12, 1.931340, 844.0, NA, NA, NA, NA, NA, NA, NA, NA
problems2021-mbd-b21_C-mbd14-0381, 1943.60, 2.086997, 843.0, 2096.78, 4348603991, 17.813857, 4.953037, 2056.5, 3601.49, 65537.1, 0
problems2021-min-fill-MinFill_R0_miles1500, 3600.16, 1.358147, 812.6, NA, NA, NA, NA, NA, NA, NA, NA
problems2021-min-fill-MinFill_R0_mulsol.i.1, 3600.20, 5.162500, 2171.1, NA, NA, NA, NA, NA, NA, NA, NA
problems2021-min-fill-MinFill_R0_myciel6, 3600.20, 2.322290, 1094.0, NA, NA, NA, NA, NA, NA, NA, NA
problems2021-min-fill-MinFill_R0_queen5_5, 3600.05, 0.002984, 145.0, NA, NA, NA, NA, NA, NA, NA, NA
problems2021-min-fill-MinFill_R0_queen8_8, 3600.13, 0.224361, 708.0, NA, NA, NA, NA, NA, NA, NA, NA
problems2021-min-fill-MinFill_R0_queen9_9, 3600.06, 0.735958, 554.9, NA, NA, NA, NA, NA, NA, NA, NA
problems2021-min-fill-MinFill_R10_anna, 3600.08, 0.006011, 125.7, NA, NA, NA, NA, NA, NA, NA, NA
problems2021-min-fill-MinFill_R12_miles250, 3600.12, 0.013077, 167.2, NA, NA, NA, NA, NA, NA, NA, NA
problems2021-min-fill-MinFill_R1_games120, 3600.22, 4.276735, 1939.8, NA, NA, NA, NA, NA, NA, NA, NA
problems2021-min-fill-MinFill_R3_huck, 0.69, 0.000014, 0.0, 0.74, 54809, 0.000090, 0.000254, 0.0, 1.02, 16.0, 1
problems2021-min-fill-MinFill_R3_miles750, 3600.19, 4.159837, 2015.4, NA, NA, NA, NA, NA, NA, NA, NA
problems2021-min-fill-MinFill_R5_jean, 3.48, 0.001333, 5.8, 3.62, 22430900, 0.010662, 0.008824, 5.9, 19.93, 69.2, 1
problems2021-optic-gen_add_3_carry_33, 3600.09, 0.005886, 117.6, NA, NA, NA, NA, NA, NA, NA, NA
problems2021-optic-gen_add_5_399, 3600.20, 0.268482, 1299.7, NA, NA, NA, NA, NA, NA, NA, NA
problems2021-optic-gen_add_5_carry_299, 3600.21, 0.613225, 2105.9, NA, NA, NA, NA, NA, NA, NA, NA
problems2021-optic-gen_add_5_carry_399, 3600.21, 0.669239, 1572.9, NA, NA, NA, NA, NA, NA, NA, NA
problems2021-optic-gen_add_6_991, 3600.16, 3.171719, 1174.5, NA, NA, NA, NA, NA, NA, NA, NA
problems2021-optic-gen_alldiff_3_cook_991, 3600.06, 0.009272, 96.3, NA, NA, NA, NA, NA, NA, NA, NA
problems2021-optic-gen_cvc-add3-bw3_33, 3600.12, 0.336489, 787.4, NA, NA, NA, NA, NA, NA, NA, NA
problems2021-optic-gen_cvc-add3-opt-bw3_299, 3600.18, 0.360488, 998.0, NA, NA, NA, NA, NA, NA, NA, NA
problems2021-optic-gen_cvc-mult4_4_991, 3600.21, 0.207502, 1395.6, NA, NA, NA, NA, NA, NA, NA, NA
problems2021-optic-gen_cvc-mult4_4_9999, 3600.16, 0.212091, 1837.9, NA, NA, NA, NA, NA, NA, NA, NA
problems2021-optic-gen_cvc-plus_4_991, 3600.05, 0.023681, 205.9, NA, NA, NA, NA, NA, NA, NA, NA
problems2021-optic-gen_mult_5_5_299, 3600.84, 36.285075, 12566.9, NA, NA, NA, NA, NA, NA, NA, NA
problems2021-packup-4ede8d96-c17a-11df-a7c5-00163e3d3b7c_l3, 64.66, 4.315622, 1523.7, 132.59, 5865135883, 39.592306, 10.700124, 4090.7, 4017.36, 65537.6, 0
problems2021-packup-rand208_l2, 282.19, 11.336930, 4017.7, 444.33, 14540521801, 98.829125, 24.946053, 10042.4, 10705.03, 65538.2, 0
problems2021-packup-rand242_l2, 317.21, 12.071567, 4181.8, 499.51, 15053391426, 110.080552, 26.211905, 10473.4, 11240.90, 65536.0, 0
problems2021-packup-rand411_l2, 277.99, 11.009763, 3897.6, 451.87, 14336503124, 101.443680, 25.197355, 9931.1, 9990.89, 65547.3, 0
problems2021-packup-rand414_l2, 86.22, 3.789110, 1365.6, 149.79, 5033046693, 33.338828, 9.781767, 3779.1, 4720.39, 65537.0, 0
problems2021-packup-rand425_l2, 266.03, 11.166605, 3835.6, 419.09, 14289993728, 100.548527, 24.567722, 9872.1, 9941.25, 65536.9, 0
problems2021-packup-rand446_l2, 294.00, 12.021407, 4081.9, 443.52, 13220446208, 102.266793, 24.939076, 10190.7, 11137.67, 65538.9, 0
problems2021-packup-rand736_l2, 82.19, 3.844621, 1380.8, 145.33, 5145765304, 33.622931, 9.739435, 3837.0, 4783.35, 65539.8, 0
problems2021-phylogenetic-trees_berg-ms_160_20_20-0, 3600.70, 0.004121, 11569.2, NA, NA, NA, NA, NA, NA, NA, NA
problems2021-phylogenetic-trees_berg-ms_200_10_40-0, 3600.74, 0.005543, 9752.7, NA, NA, NA, NA, NA, NA, NA, NA
problems2021-phylogenetic-trees_berg-ms_200_12_20-3, 3600.91, 0.005423, 14479.6, NA, NA, NA, NA, NA, NA, NA, NA
problems2021-phylogenetic-trees_berg-ms_200_16_20-0, 3600.83, 0.006046, 11831.2, NA, NA, NA, NA, NA, NA, NA, NA
problems2021-phylogenetic-trees_berg-ms_200_20_20-6, 3601.16, 0.005646, 12539.5, NA, NA, NA, NA, NA, NA, NA, NA
problems2021-phylogenetic-trees_berg-ms_200_22_20-2, 3600.95, 0.005379, 16857.6, NA, NA, NA, NA, NA, NA, NA, NA
problems2021-phylogenetic-trees_berg-ms_250_10_40-0, 3601.02, 0.008565, 11854.2, NA, NA, NA, NA, NA, NA, NA, NA
problems2021-phylogenetic-trees_berg-ms_260_20_20-0, 3600.75, 0.011941, 11518.7, NA, NA, NA, NA, NA, NA, NA, NA
problems2021-phylogenetic-trees_berg-ms_260_20_20-1, 3600.81, 0.008923, 10473.3, NA, NA, NA, NA, NA, NA, NA, NA
problems2021-planning-bnn-cellda_x_10, 388.05, 0.000758, 4907.9, 393.76, 395811876, 0.003570, 0.000993, 4908.3, 1727.00, 64924.1, 1
problems2021-planning-bnn-cellda_y_10, 259.51, 0.000859, 4842.5, 264.63, 195508272, 0.003607, 0.000969, 4843.6, 965.51, 60288.7, 1
problems2021-planning-bnn-cellda_y_9, 89.89, 0.000683, 4335.5, 93.91, 169434543, 0.003089, 0.000831, 4332.9, 696.58, 54545.1, 1
problems2021-planning-bnn-navigation_3x3_4, 2.43, 0.000149, 34.7, 2.77, 4247120, 0.000708, 0.000256, 34.5, 14.19, 577.1, 1
problems2021-planning-bnn-navigation_3x3_5, 3.00, 0.000174, 42.3, 2.35, 5189074, 0.001025, 0.000314, 42.4, 13.20, 688.6, 1
problems2021-planning-bnn-navigation_3x3_6, 5.71, 0.000264, 50.9, 5.57, 6910215, 0.001387, 0.000440, 50.8, 23.53, 831.6, 1
problems2021-planning-bnn-navigation_4x4_5, 97.74, 0.000283, 361.3, 104.59, 35252476, 0.001176, 0.000368, 360.4, 266.73, 5358.4, 1
problems2021-planning-bnn-navigation_4x4_7, 319.78, 0.000509, 536.7, 333.45, 131688459, 0.002023, 0.000606, 534.0, 1063.84, 7772.0, 1
problems2021-planning-bnn-sysadmin_4_2, 33.40, 0.000063, 212.3, 33.86, 24512322, 0.000233, 0.000099, 212.4, 89.18, 2651.0, 1
problems2021-planning-bnn-sysadmin_4_3, 934.02, 0.000109, 379.4, 951.97, 349082094, 0.000446, 0.000157, 378.0, 2195.08, 4216.6, 1
problems2021-planning-bnn-sysadmin_4_4, 3600.15, 0.000157, 651.5, NA, NA, NA, NA, NA, NA, NA, NA
problems2021-planning-bnn-sysadmin_5_2, 591.46, 0.000101, 480.7, 601.35, 218949894, 0.000343, 0.000132, 479.8, 1517.91, 5941.1, 1
problems2021-planning-bnn-sysadmin_5_3, 3600.17, 0.000162, 786.9, NA, NA, NA, NA, NA, NA, NA, NA
problems2021-planning-bnn-sysadmin_5_4, 3600.12, 0.000192, 985.8, NA, NA, NA, NA, NA, NA, NA, NA
problems2021-program_disambiguation-Ramos-Q29_OPTIONS_1, 3.42, 0.000014, 123.1, 3.38, 10279621, 0.000045, 0.000036, 123.3, 21.31, 1573.3, 1
problems2021-program_disambiguation-Ramos-Q2_OPTIONS_1, 11.05, 0.000089, 79.4, 10.42, 12530378, 0.000480, 0.000233, 80.5, 32.50, 1011.9, 1
problems2021-program_disambiguation-Ramos-Q34_OPTIONS_1, 3600.13, 0.000724, 718.7, NA, NA, NA, NA, NA, NA, NA, NA
problems2021-program_disambiguation-Ramos-Q34_YESNO_3, 1.03, 0.000017, 41.7, 1.00, 4439977, 0.000072, 0.000057, 41.9, 7.56, 515.1, 1
problems2021-program_disambiguation-Ramos-Q38_YESNO_1, 94.12, 0.000112, 453.7, 90.58, 61151590, 0.000756, 0.000325, 455.7, 191.82, 5639.8, 1
problems2021-program_disambiguation-Ramos-Q38_YESNO_4, 0.54, 0.000019, 34.7, 0.89, 1415257, 0.000063, 0.000062, 34.6, 5.58, 376.9, 1
problems2021-program_disambiguation-Ramos-Q43_YESNO_1, 9.42, 0.000106, 303.8, 9.66, 41835780, 0.000735, 0.000320, 303.6, 65.73, 3852.0, 1
problems2021-program_disambiguation-Ramos-Q46_YESNO_3, 1.43, 0.000032, 53.9, 1.53, 3660405, 0.000131, 0.000086, 53.7, 9.38, 654.9, 1
problems2021-program_disambiguation-Ramos-Q46_YESNO_4, 1.35, 0.000017, 33.1, 0.81, 1980073, 0.000080, 0.004421, 33.5, 5.76, 364.4, 1
problems2021-program_disambiguation-Ramos-Q53_YESNO_3, 0.55, 0.000027, 46.7, 1.06, 2229809, 0.000124, 0.000091, 46.7, 6.47, 498.1, 1
problems2021-program_disambiguation-Ramos-Q6_YESNO_3, 10.75, 0.000044, 144.8, 11.77, 12743293, 0.000210, 0.000113, 144.8, 30.08, 1852.5, 1
problems2021-program_disambiguation-Ramos-Q7_YESNO_3, 25.89, 0.000014, 67.2, 28.50, 213563865, 0.000068, 0.000041, 67.4, 560.08, 426.6, 1
problems2021-protein_ins-1bpi_.2knt_.g.wcnf.t, 3600.27, 0.000775, 2180.3, NA, NA, NA, NA, NA, NA, NA, NA
problems2021-protein_ins-1bpi_.5pti_.g.wcnf.t, 2828.33, 0.000958, 1832.0, 2879.20, 3742642133, 0.007124, 0.003593, 1831.9, 5178.79, 5498.9, 1
problems2021-protein_ins-1knt_.1bpi_.g.wcnf.t, 3600.31, 0.000716, 2570.6, NA, NA, NA, NA, NA, NA, NA, NA
problems2021-protein_ins-1knt_.2knt_.g.wcnf.t, 8.35, 0.000539, 118.4, 8.93, 72901862, 0.004461, 0.002772, 119.5, 35.81, 1104.6, 1
problems2021-protein_ins-1knt_.5pti_.g.wcnf.t, 884.43, 0.000669, 1188.4, 973.37, 3347693705, 0.004800, 0.002924, 1187.1, 2313.46, 3307.0, 1
problems2021-protein_ins-1vii_.1cph_.g.wcnf.t, 0.53, 0.000052, 0.0, 0.59, 208419, 0.000328, 0.000329, 0.0, 1.03, 24.2, 1
problems2021-protein_ins-2knt_.5pti_.g.wcnf.t, 632.13, 0.000721, 1065.5, 675.20, 3186618532, 0.005350, 0.003022, 1065.4, 2263.49, 3092.5, 1
problems2021-protein_ins-3ebx_.1era_.g.wcnf.t, 3600.28, 0.000698, 2556.7, NA, NA, NA, NA, NA, NA, NA, NA
problems2021-protein_ins-3ebx_.6ebx_.g.wcnf.t, 281.06, 0.000445, 500.6, 290.23, 678674518, 0.003802, 0.001382, 501.1, 758.53, 1742.2, 1
problems2021-protein_ins-6ebx_.1era_.g.wcnf.t, 536.87, 0.000483, 861.1, 560.82, 1197210086, 0.007184, 0.002485, 861.1, 1854.58, 2374.4, 1
problems2021-protein_ins-p1.wcnf.t, 1399.02, 0.000779, 1226.9, 1434.27, 2004910008, 0.005994, 0.003028, 1227.4, 3355.80, 3788.6, 1
problems2021-protein_ins-sandiaprotein.g.wcnf.t, 586.00, 0.000740, 997.7, 622.15, 2774489399, 0.005178, 0.001845, 998.6, 2001.38, 3178.8, 1
problems2021-pseudoBoolean-garden-normalized-g2x2.opb.msat, 0.77, 0.000018, 0.0, 0.81, 5782, 0.000053, 0.000039, 0.0, 1.02, 7.8, 1
problems2021-pseudoBoolean-garden-normalized-g9x3.opb.msat, 0.37, 0.000190, 0.0, 0.42, 161184, 0.001203, 0.000629, 0.0, 0.89, 18.9, 1
problems2021-pseudoBoolean-garden-normalized-g9x9.opb.msat, 0.38, 0.001284, 2.4, 0.62, 2783059, 0.008996, 0.004263, 3.2, 4.72, 50.3, 1
problems2021-pseudoBoolean-primes-dimacs-cnf-normalized-aim-200-3_4-yes1-1.opb.msat, 0.11, 0.019855, 0.0, 0.53, 25800843, 0.208630, 0.065729, 27.1, 1227.12, 1986.3, 1
problems2021-pseudoBoolean-primes-dimacs-cnf-normalized-aim-200-6_0-yes1-2.opb.msat, 0.91, 0.019547, 0.0, 1.33, 25947985, 0.209820, 0.067312, 27.3, 1244.99, 1989.8, 1
problems2021-pseudoBoolean-primes-dimacs-cnf-normalized-hanoi4.opb.msat, 1.17, 0.241382, 107.3, 5.32, 346641683, 2.528538, 0.788812, 299.4, 1905.55, 65539.3, 0
problems2021-pseudoBoolean-primes-dimacs-cnf-normalized-par16-1.opb.msat, 13.62, 0.489506, 191.7, 24.05, 692925456, 4.892510, 1.550048, 575.6, 2227.80, 65536.9, 0
problems2021-pseudoBoolean-primes-dimacs-cnf-normalized-par16-2.opb.msat, 11.75, 0.468304, 195.5, 23.74, 694538798, 4.896387, 1.568993, 579.6, 2250.59, 65541.2, 0
problems2021-pseudoBoolean-primes-dimacs-cnf-normalized-par16-4.opb.msat, 8.75, 0.474078, 194.5, 19.61, 692231559, 4.902391, 1.530245, 576.2, 2245.34, 65539.4, 0
problems2021-pseudoBoolean-primes-dimacs-cnf-normalized-par8-1.opb.msat, 0.86, 0.042607, 22.1, 1.97, 77878205, 0.536186, 0.194829, 68.7, 15392.12, 9762.6, 1
problems2021-pseudoBoolean-primes-dimacs-cnf-normalized-par8-2.opb.msat, 0.70, 0.041827, 22.1, 1.82, 77883463, 0.545387, 0.190114, 68.6, 15500.84, 9508.6, 1
problems2021-pseudoBoolean-primes-dimacs-cnf-normalized-par8-3.opb.msat, 0.51, 0.039964, 20.3, 1.62, 77431519, 0.529807, 0.195202, 66.8, 15201.87, 9462.8, 1
problems2021-railroad_reisch-unweighted-MultiDay_0, 118.24, , 32774.8, NA, NA, NA, NA, NA, NA, NA, NA
problems2021-railroad_reisch-unweighted-MultiDay_1, 106.30, , 32775.0, NA, NA, NA, NA, NA, NA, NA, NA
problems2021-railroad_reisch-unweighted-MultiDay_3, 109.38, , 32794.6, NA, NA, NA, NA, NA, NA, NA, NA
problems2021-railroad_reisch-unweighted-MultiDay_4, 148.69, , 32774.2, NA, NA, NA, NA, NA, NA, NA, NA
problems2021-railroad_reisch-unweighted-SingleDay_15, 137.27, , 32771.5, NA, NA, NA, NA, NA, NA, NA, NA
problems2021-railroad_reisch-unweighted-SingleDay_2, 3600.85, 19.043836, 7053.5, NA, NA, NA, NA, NA, NA, NA, NA
problems2021-railroad_reisch-unweighted-SingleDay_3, 3601.29, 35.723875, 12902.9, NA, NA, NA, NA, NA, NA, NA, NA
problems2021-railroad_reisch-unweighted-Subnetwork_7, 3600.61, 20.357076, 7306.0, NA, NA, NA, NA, NA, NA, NA, NA
problems2021-railroad_reisch-unweighted-Subnetwork_9, 3600.88, 27.101630, 9751.2, NA, NA, NA, NA, NA, NA, NA, NA
problems2021-railroad_reisch-weighted-MultiDay_0_weighted, 152.97, , 32769.7, NA, NA, NA, NA, NA, NA, NA, NA
problems2021-railroad_reisch-weighted-MultiDay_1_weighted, 146.57, , 32796.7, NA, NA, NA, NA, NA, NA, NA, NA
problems2021-railroad_reisch-weighted-SingleDay_2_weighted, 3600.59, 19.198840, 7051.4, NA, NA, NA, NA, NA, NA, NA, NA
problems2021-railway-transport-d4, 254.23, , 32775.5, NA, NA, NA, NA, NA, NA, NA, NA
problems2021-railway-transport-dp43, 3600.60, 14.186631, 5128.7, NA, NA, NA, NA, NA, NA, NA, NA
problems2021-railway-transport-pesp_18Min, 3600.79, 24.728672, 8684.8, NA, NA, NA, NA, NA, NA, NA, NA
problems2021-railway-transport-pesp_5min, 3600.18, 3.332859, 1326.0, NA, NA, NA, NA, NA, NA, NA, NA
problems2021-railway-transport-we, 3600.18, , 1339.4, NA, NA, NA, NA, NA, NA, NA, NA
problems2021-ramsey-ram_k3_n10.ra0, 3600.04, 0.013896, 83.9, NA, NA, NA, NA, NA, NA, NA, NA
problems2021-ramsey-ram_k3_n11.ra0, 3600.04, 0.030125, 43.9, NA, NA, NA, NA, NA, NA, NA, NA
problems2021-ramsey-ram_k3_n12.ra0, 3600.07, 0.060775, 79.7, NA, NA, NA, NA, NA, NA, NA, NA
problems2021-ramsey-ram_k3_n13.ra0, 3600.11, 0.137137, 133.2, NA, NA, NA, NA, NA, NA, NA, NA
problems2021-ramsey-ram_k3_n14.ra0, 3600.10, 0.247249, 239.0, NA, NA, NA, NA, NA, NA, NA, NA
problems2021-ramsey-ram_k3_n15.ra0, 3600.09, 0.436597, 366.5, NA, NA, NA, NA, NA, NA, NA, NA
problems2021-ramsey-ram_k3_n18.ra0, 3600.15, 2.229065, 1166.9, NA, NA, NA, NA, NA, NA, NA, NA
problems2021-ramsey-ram_k3_n19.ra0, 3600.23, 4.050593, 1454.7, NA, NA, NA, NA, NA, NA, NA, NA
problems2021-ramsey-ram_k3_n9.ra0, 0.44, 0.006649, 5.2, 0.83, 10584500, 0.062540, 0.019204, 9.4, 58.87, 369.4, 1
problems2021-ramsey-ram_k4_n18.ra0, 3600.28, 6.411414, 2241.5, NA, NA, NA, NA, NA, NA, NA, NA
problems2021-ramsey-ram_k4_n19.ra0, 3600.37, 10.755216, 3653.8, NA, NA, NA, NA, NA, NA, NA, NA
problems2021-ramsey-ram_k4_n20.ra0, 3600.60, 16.805514, 5744.5, NA, NA, NA, NA, NA, NA, NA, NA
problems2021-RBAC_marco.mori-multiple-role_domino_multiple_0.0_7, 146.34, , 32773.3, NA, NA, NA, NA, NA, NA, NA, NA
problems2021-RBAC_marco.mori-multiple-role_university_multiple_0.0_0, 125.06, , 32773.1, NA, NA, NA, NA, NA, NA, NA, NA
problems2021-RBAC_marco.mori-multiple-role_university_multiple_0.0_2, 162.13, , 32770.9, NA, NA, NA, NA, NA, NA, NA, NA
problems2021-RBAC_marco.mori-violations-role_domino_0.0_10, 238.96, 127.060099, 29392.0, 477.73, 29116858368, 127.060099, NA, 32777.3, NA, NA, NA
problems2021-RBAC_marco.mori-violations-role_domino_0.0_11, 256.77, 147.773275, 29379.3, 469.82, 26793213952, 147.773275, NA, 32776.6, NA, NA, NA
problems2021-RBAC_marco.mori-violations-role_domino_0.0_12, 256.78, 147.955159, 29385.6, 455.23, 24222105600, 147.955159, NA, 32778.9, NA, NA, NA
problems2021-RBAC_marco.mori-violations-role_domino_0.0_6, 258.77, 148.119567, 29377.7, 446.12, 21600665600, 148.119567, NA, 32770.9, NA, NA, NA
problems2021-RBAC_marco.mori-violations-role_smallcomp_0.0_5, 0.73, 0.010956, 0.0, 1.01, 16438874, 0.113536, 0.033853, 15.9, 253.51, 815.5, 1
problems2021-RBAC_marco.mori-violations-role_smallcomp_0.0_6, 0.66, 0.011069, 0.0, 0.94, 16353876, 0.107877, 0.033053, 15.9, 255.54, 817.9, 1
problems2021-RBAC_marco.mori-violations-role_university_0.0_2, 136.57, , 32789.4, NA, NA, NA, NA, NA, NA, NA, NA
problems2021-RBAC_marco.mori-violations-role_university_0.0_4, 114.83, , 32794.7, NA, NA, NA, NA, NA, NA, NA, NA
problems2021-RBAC_marco.mori-violations-role_university_0.0_6, 127.98, , 32784.6, NA, NA, NA, NA, NA, NA, NA, NA
problems2021-reversi-rev44-10, 0.63, 0.000234, 4.0, 1.10, 3302517, 0.001634, 0.000651, 4.0, 2.28, 30.3, 1
problems2021-reversi-rev44-12, 1.17, 0.000241, 4.5, 0.83, 5436628, 0.001660, 0.000875, 4.8, 3.66, 33.2, 1
problems2021-reversi-rev44-2, 0.01, 0.000200, 0.0, 0.06, 220953, 0.001461, 0.002432, 0.0, 0.64, 20.4, 1
problems2021-reversi-rev44-6, 1.02, 0.000195, 0.0, 0.10, 652805, 0.001581, 0.002107, 0.0, 0.89, 24.5, 1
problems2021-reversi-rev66-16, 3600.11, 0.000897, 458.6, NA, NA, NA, NA, NA, NA, NA, NA
problems2021-reversi-rev66-18, 3600.13, 0.000918, 518.7, NA, NA, NA, NA, NA, NA, NA, NA
problems2021-reversi-rev66-20, , , , NA, NA, NA, NA, NA, NA, NA, NA
problems2021-reversi-rev66-22, , , , NA, NA, NA, NA, NA, NA, NA, NA
problems2021-reversi-rev66-24, , , , NA, NA, NA, NA, NA, NA, NA, NA
problems2021-reversi-rev66-28, , , , NA, NA, NA, NA, NA, NA, NA, NA
problems2021-reversi-rev66-2, 0.95, 0.000654, 0.0, 1.01, 972926, 0.006139, 0.002505, 0.0, 2.44, 54.3, 1
problems2021-reversi-rev66-32, 3600.30, 0.000950, 1362.7, NA, NA, NA, NA, NA, NA, NA, NA
problems2021-scheduling-cnf_10_center, 3600.09, 0.346180, 410.1, NA, NA, NA, NA, NA, NA, NA, NA
problems2021-scheduling-cnf_10, 3600.08, 0.420655, 445.1, NA, NA, NA, NA, NA, NA, NA, NA
problems2021-scheduling-cnf_12_center, 3600.14, 0.379155, 439.6, NA, NA, NA, NA, NA, NA, NA, NA
problems2021-scheduling-cnf_12, 3600.09, 0.590281, 543.0, NA, NA, NA, NA, NA, NA, NA, NA
problems2021-scheduling-cnf_small, 3600.08, 0.009319, 166.8, NA, NA, NA, NA, NA, NA, NA, NA
problems2021-scheduling_xiaojuan-lam100-n100-p13-frag3-20-100-lambda100-48, 3600.11, 0.001613, 178.8, NA, NA, NA, NA, NA, NA, NA, NA
problems2021-scheduling_xiaojuan-lam100-n100-p13-frag3-20-100-lambda100-96, 3600.07, 0.001536, 193.9, NA, NA, NA, NA, NA, NA, NA, NA
problems2021-scheduling_xiaojuan-lam20-n100-p100-frag3-20-100-p100-49, 3600.12, 0.002302, 429.7, NA, NA, NA, NA, NA, NA, NA, NA
problems2021-scheduling_xiaojuan-lam20-n100-p100-frag3-20-100-p100-54, 3600.08, 0.002077, 260.6, NA, NA, NA, NA, NA, NA, NA, NA
problems2021-scheduling_xiaojuan-lam20-n100-p13-frag12-20-100-frag12-13, 3600.10, 0.001737, 463.7, NA, NA, NA, NA, NA, NA, NA, NA
problems2021-scheduling_xiaojuan-lam20-n100-p13-frag12-20-100-frag12-85, 3600.13, 0.001936, 375.7, NA, NA, NA, NA, NA, NA, NA, NA
problems2021-scheduling_xiaojuan-lam20-n100-p13-frag12-20-100-frag12-91, 3600.12, 0.001580, 394.5, NA, NA, NA, NA, NA, NA, NA, NA
problems2021-scheduling_xiaojuan-lam20-n100-p13-frag12-20-100-frag12-97, 3600.13, 0.002147, 437.8, NA, NA, NA, NA, NA, NA, NA, NA
problems2021-scheduling_xiaojuan-lam20-n500-p13-frag3-20-500-43, 76.91, 0.033622, 50.7, 82.95, 289225741, 0.331721, 0.099863, 60.4, 4027.20, 3934.5, 1
problems2021-scheduling_xiaojuan-lam20-n500-p13-frag3-20-500-64, 32.56, 0.034473, 42.8, 35.49, 118316081, 0.340452, 0.101330, 59.8, 3818.23, 3938.2, 1
problems2021-scheduling_xiaojuan-lam20-n500-p13-frag3-20-500-81, 59.00, 0.034831, 48.2, 60.72, 208708022, 0.334921, 0.109899, 60.2, 3997.84, 3929.3, 1
problems2021-scheduling_xiaojuan-lam20-n500-p13-frag3-20-500-83, 15.46, 0.031047, 34.4, 16.72, 83762768, 0.341225, 0.107760, 57.1, 3783.68, 3902.8, 1
problems2021-SeanSafarpour-b15-bug-fourvec-gate-0.dimacs.seq.filtered, 359.94, , 32773.1, NA, NA, NA, NA, NA, NA, NA, NA
problems2021-SeanSafarpour-c4_DD_s3_f1_e1_v1-bug-gate-0.dimacs.seq.filtered, 400.49, , 32780.1, NA, NA, NA, NA, NA, NA, NA, NA
problems2021-SeanSafarpour-c5_DD_s3_f1_e1_v1-bug-onevec-gate-0.dimacs.seq.filtered, 127.26, , 32769.4, NA, NA, NA, NA, NA, NA, NA, NA
problems2021-SeanSafarpour-c7552-bug-gate-0.dimacs.seq.filtered, 370.10, 8.518973, 3021.1, 543.68, 11059628519, 72.161819, 17.610368, 7547.5, 8980.68, 65540.8, 0
problems2021-SeanSafarpour-divider-problem.dimacs_8.filtered, 172.63, , 32776.5, NA, NA, NA, NA, NA, NA, NA, NA
problems2021-SeanSafarpour-dividers10.dimacs.filtered, 113.29, , 32786.7, NA, NA, NA, NA, NA, NA, NA, NA
problems2021-SeanSafarpour-dividers5.dimacs.filtered, 111.79, , 32779.8, NA, NA, NA, NA, NA, NA, NA, NA
problems2021-SeanSafarpour-fpu7-problem.dimacs_22.filtered, 135.87, , 32785.1, NA, NA, NA, NA, NA, NA, NA, NA
problems2021-SeanSafarpour-rsdecoder_multivec1.dimacs.filtered, 130.04, , 32792.2, NA, NA, NA, NA, NA, NA, NA, NA
problems2021-SeanSafarpour-rsdecoder-problem.dimacs_39.filtered, 205.94, , 32790.7, NA, NA, NA, NA, NA, NA, NA, NA
problems2021-SeanSafarpour-s15850-bug-onevec-gate-0.dimacs.seq.filtered, 122.64, , 32790.9, NA, NA, NA, NA, NA, NA, NA, NA
problems2021-SeanSafarpour-SM_RX_TOP.dimacs.filtered, 128.27, , 32774.6, NA, NA, NA, NA, NA, NA, NA, NA
problems2021-security-witness_paxian-unweighted-RSN_Security_Min_Witness-Direct-FlexScan-D0, 150.26, , 32776.5, NA, NA, NA, NA, NA, NA, NA, NA
problems2021-security-witness_paxian-unweighted-RSN_Security_Min_Witness-Direct-FlexScan-D4, 143.21, , 32788.0, NA, NA, NA, NA, NA, NA, NA, NA
problems2021-security-witness_paxian-unweighted-RSN_Security_Min_Witness-Direct-FlexScan-D9, 134.40, , 32789.1, NA, NA, NA, NA, NA, NA, NA, NA
problems2021-security-witness_paxian-unweighted-RSN_Security_Min_Witness-Direct-FlexScan-DA, 137.01, , 32797.2, NA, NA, NA, NA, NA, NA, NA, NA
problems2021-security-witness_paxian-unweighted-RSN_Security_Min_Witness-Direct-FlexScan-DB, 152.78, , 32778.3, NA, NA, NA, NA, NA, NA, NA, NA
problems2021-security-witness_paxian-unweighted-RSN_Security_Min_Witness-Direct-FlexScan-DF, 235.66, , 32772.3, NA, NA, NA, NA, NA, NA, NA, NA
problems2021-security-witness_paxian-unweighted-RSN_Security_Min_Witness-Direct-MBIST_100cores_100controllers_5memories_na-D0, 1963.21, , 32773.7, NA, NA, NA, NA, NA, NA, NA, NA
problems2021-security-witness_paxian-unweighted-RSN_Security_Min_Witness-Direct-MBIST_100cores_100controllers_5memories_na-DD, 3600.22, , 2440.9, NA, NA, NA, NA, NA, NA, NA, NA
problems2021-security-witness_paxian-unweighted-RSN_Security_Min_Witness-Direct-MBIST_100cores_100controllers_5memories_na-DE, 3600.32, , 2442.6, NA, NA, NA, NA, NA, NA, NA, NA
problems2021-security-witness_paxian-unweighted-RSN_Security_Min_Witness-Direct-MBIST_100cores_100controllers_5memories_na-DF, 3600.18, , 2442.0, NA, NA, NA, NA, NA, NA, NA, NA
problems2021-security-witness_paxian-unweighted-RSN_Security_Min_Witness-Direct-MBIST_5cores_100controllers_100memories_na-D4, 563.04, , 32779.2, NA, NA, NA, NA, NA, NA, NA, NA
problems2021-security-witness_paxian-unweighted-RSN_Security_Min_Witness-Direct-MBIST_5cores_100controllers_100memories_na-D7, 618.50, , 32777.7, NA, NA, NA, NA, NA, NA, NA, NA
problems2021-set-covering-crafted-scpclr-scpclr10_maxsat, 3600.07, 0.065348, 257.5, NA, NA, NA, NA, NA, NA, NA, NA
problems2021-set-covering-crafted-scpclr-scpclr11_maxsat, 3600.24, 0.250054, 1217.4, NA, NA, NA, NA, NA, NA, NA, NA
problems2021-set-covering-crafted-scpclr-scpclr12_maxsat, 3600.28, 0.966752, 1507.6, NA, NA, NA, NA, NA, NA, NA, NA
problems2021-set-covering-crafted-scpclr-scpclr13_maxsat, 3600.25, 3.863973, 2508.0, NA, NA, NA, NA, NA, NA, NA, NA
problems2021-set-covering-crafted-scpcyc-scpcyc06_maxsat, 3600.08, 0.023497, 359.1, NA, NA, NA, NA, NA, NA, NA, NA
problems2021-set-covering-crafted-scpcyc-scpcyc07_maxsat, 3600.14, 0.169344, 960.5, NA, NA, NA, NA, NA, NA, NA, NA
problems2021-set-covering-crafted-scpcyc-scpcyc08_maxsat, 3600.22, 1.170739, 1473.5, NA, NA, NA, NA, NA, NA, NA, NA
problems2021-set-covering-crafted-scpcyc-scpcyc09_maxsat, 3600.29, 8.404605, 3020.7, NA, NA, NA, NA, NA, NA, NA, NA
problems2021-set-covering-crafted-scpcyc-scpcyc10_maxsat, 3601.51, 73.109008, 17195.4, NA, NA, NA, NA, NA, NA, NA, NA
problems2021-set-covering-crafted-scpcyc-scpcyc11_maxsat, 131.33, , 32796.1, NA, NA, NA, NA, NA, NA, NA, NA
problems2021-setcover-rail_zhendong-unweighted-setcover-sts-data.135, 3600.12, 0.002864, 111.7, NA, NA, NA, NA, NA, NA, NA, NA
problems2021-setcover-rail_zhendong-unweighted-setcover-sts-data.243, 3600.12, 0.008111, 173.4, NA, NA, NA, NA, NA, NA, NA, NA
problems2021-setcover-rail_zhendong-unweighted-setcover-sts-data.405, 3600.09, 0.019874, 310.7, NA, NA, NA, NA, NA, NA, NA, NA
problems2021-setcover-rail_zhendong-unweighted-setcover-sts-data.729, 3600.07, 0.066740, 824.3, NA, NA, NA, NA, NA, NA, NA, NA
problems2021-treewidth-computation-TWComp_1c75_N69, 3600.14, 0.001361, 756.5, NA, NA, NA, NA, NA, NA, NA, NA
problems2021-treewidth-computation-TWComp_alarm_N37, 0.74, 0.000261, 12.8, 0.85, 1103611, 0.001993, 0.000776, 0.0, 3.13, 138.5, 1
problems2021-treewidth-computation-TWComp_barle_N48, 3.69, 0.000461, 27.8, 4.12, 15896419, 0.003539, 0.001246, 27.9, 15.84, 291.3, 1
problems2021-treewidth-computation-TWComp_barley2_N48, 2.46, 0.000486, 25.5, 2.13, 8142789, 0.003738, 0.001271, 25.6, 19.68, 283.4, 1
problems2021-treewidth-computation-TWComp_david_N87, 23.01, 0.001698, 127.8, 23.89, 72669384, 0.011728, 0.003716, 127.8, 172.57, 1391.4, 1
problems2021-treewidth-computation-TWComp_jean_N77, 1.45, 0.001235, 82.3, 1.84, 8475483, 0.009096, 0.002958, 82.5, 20.32, 976.3, 1
problems2021-treewidth-computation-TWComp_mainuk_N48, 0.46, 0.000521, 23.4, 0.82, 2384307, 0.003945, 0.001278, 23.8, 5.75, 272.2, 1
problems2021-treewidth-computation-TWComp_mildew_35, 0.79, 0.000244, 11.2, 0.96, 1461039, 0.001863, 0.000713, 11.3, 2.33, 121.8, 1
problems2021-treewidth-computation-TWComp_myciel5_N47, 3600.09, 0.000433, 389.9, NA, NA, NA, NA, NA, NA, NA, NA
problems2021-treewidth-computation-TWComp_oesoca_N39, 0.78, 0.000297, 0.0, 0.93, 1782524, 0.002272, 0.000899, 14.6, 3.71, 158.2, 1
problems2021-treewidth-computation-TWComp_queen5_5_N25, 3600.08, 0.000152, 179.9, NA, NA, NA, NA, NA, NA, NA, NA
problems2021-treewidth-computation-TWComp_water_N32, 1.21, 0.000217, 11.0, 1.10, 4601121, 0.001597, 0.000612, 11.1, 6.86, 98.6, 1
problems2021-uaq_gazzarata-max-uaq-max-nc-nr10-np400-rpp5-nc40-n8-t3-plb10-n0, 0.48, 0.018949, 0.0, 0.93, 28090006, 0.199923, 0.064891, 27.2, 1098.04, 1863.0, 1
problems2021-uaq_gazzarata-max-uaq-max-t-nr1000-np1000-rpp1-nc50-n12-t6-plb10-n6, 3600.05, 0.123705, 1611.9, NA, NA, NA, NA, NA, NA, NA, NA
problems2021-uaq_gazzarata-max-uaq-max-t-nr1000-np1000-rpp1-nc50-n12-t8-plb10-n0, 3600.12, 0.125381, 1335.4, NA, NA, NA, NA, NA, NA, NA, NA
problems2021-uaq_gazzarata-min-uaq-min-nc-nr200-np400-rpp5-nc40-rs8-t3-plb10-n0, 6.72, 0.019362, 16.1, 8.26, 44915309, 0.196845, 0.063881, 28.5, 1120.97, 1862.8, 1
problems2021-uaq_gazzarata-min-uaq-min-nc-nr200-np400-rpp5-nc80-rs8-t3-plb10-n8, 12.63, 0.019490, 16.4, 14.41, 55861529, 0.197295, 0.063628, 28.7, 1143.20, 1864.3, 1
problems2021-uaq_gazzarata-min-uaq-min-nr-nr50-np400-rpp5-nc0-rs0-t0-plb2-n6, 0.29, 0.019971, 12.6, 0.78, 30250058, 0.208055, 0.067127, 28.0, 1247.04, 1962.7, 1
problems2021-uaq_gazzarata-min-uaq-min-plb-nr10-np400-rpp5-nc0-rs0-t0-plb20-n2, 0.72, 0.018534, 0.0, 1.13, 22905063, 0.187975, 0.061900, 24.9, 962.02, 1738.6, 1
problems2021-uaq_gazzarata-min-uaq-min-plb-nr200-np400-rpp5-nc0-rs0-t0-plb45-n2, 3600.11, 0.015703, 184.4, NA, NA, NA, NA, NA, NA, NA, NA
problems2021-uaq_gazzarata-min-uaq-min-rpp-nr200-np400-rpp5-nc0-rs0-t0-plb10-n3, 5.29, 0.019293, 13.1, 5.90, 39866309, 0.203617, 0.064041, 27.2, 1093.79, 1859.6, 1
problems2021-uaq_gazzarata-min-uaq-min-rpp-nr200-np400-rpp5-nc0-rs0-t0-plb4-n3, 0.91, 0.019886, 12.6, 1.45, 30368260, 0.207949, 0.065120, 27.9, 1202.89, 1937.8, 1
problems2021-uaq_gazzarata-min-uaq-min-rpp-nr200-np400-rpp6-nc0-rs0-t0-plb1-n4, 0.93, 0.020064, 0.0, 1.44, 31409366, 0.207253, 0.067333, 28.2, 1248.57, 1980.7, 1
problems2021-uaq-uaq-nr-nr100-nc33-n3-k2-rpp4-ppr2-plb50, 20.66, 0.001650, 7.5, 22.82, 124020879, 0.013815, 0.004711, 7.5, 118.19, 83.2, 1
problems2021-uaq-uaq-nr-nr110-nc36-n3-k2-rpp4-ppr2-plb50, 3.77, 0.001639, 5.2, 4.82, 26823659, 0.013561, 0.005763, 5.2, 28.19, 78.5, 1
problems2021-uaq-uaq-nr-nr160-nc53-n3-k2-rpp4-ppr2-plb50, 3600.09, 0.003717, 66.8, NA, NA, NA, NA, NA, NA, NA, NA
problems2021-uaq-uaq-nr-nr180-nc60-n3-k2-rpp4-ppr2-plb50, 3600.04, 0.004604, 78.5, NA, NA, NA, NA, NA, NA, NA, NA
problems2021-uaq-uaq-nr-nr190-nc63-n3-k2-rpp4-ppr2-plb50, 3600.10, 0.004563, 75.3, NA, NA, NA, NA, NA, NA, NA, NA
problems2021-uaq-uaq-nr-nr210-nc70-n3-k2-rpp4-ppr2-plb50, 3600.09, 0.005813, 89.5, NA, NA, NA, NA, NA, NA, NA, NA
problems2021-uaq-uaq-nr-nr400-nc133-n3-k2-rpp4-ppr2-plb50, 0.84, 0.012076, 8.6, 1.93, 20791043, 0.126671, 0.037692, 17.7, 348.36, 979.1, 1
problems2021-uaq-uaq-nr-nr410-nc136-n3-k2-rpp4-ppr2-plb50, 2.56, 0.013081, 9.1, 2.93, 25529612, 0.129062, 0.039715, 18.9, 413.16, 1078.2, 1
problems2021-uaq-uaq-ppr-nr200-nc66-n5-k2-rpp4-ppr13-plb100, 3600.11, 0.003766, 101.5, NA, NA, NA, NA, NA, NA, NA, NA
problems2021-uaq-uaq-rpp-nr100-nc33-n3-k2-rpp16-ppr2-plb20, 44.86, 0.002610, 15.6, 49.90, 248517563, 0.022407, 0.008262, 16.6, 202.13, 147.9, 1
problems2021-uaq-uaq-rpp-nr100-nc33-n3-k2-rpp19-ppr2-plb20, 35.73, 0.002601, 14.5, 40.22, 225138625, 0.022310, 0.008206, 15.5, 176.50, 145.3, 1
problems2021-uaq-uaq-rpp-nr100-nc33-n3-k2-rpp9-ppr2-plb20, 65.35, 0.002918, 13.2, 70.51, 331125372, 0.022774, 0.007334, 13.6, 269.72, 143.0, 1
problems2021-xai-mindset2-appendicitis, 3600.12, 0.674694, 861.1, NA, NA, NA, NA, NA, NA, NA, NA
problems2021-xai-mindset2-auto, 3600.28, 16.823005, 5728.7, NA, NA, NA, NA, NA, NA, NA, NA
problems2021-xai-mindset2-biomed, 3600.49, 3.275126, 4452.6, NA, NA, NA, NA, NA, NA, NA, NA
problems2021-xai-mindset2-dermatology, 3600.23, 2.338788, 1814.9, NA, NA, NA, NA, NA, NA, NA, NA
problems2021-xai-mindset2-haberman, 3600.20, 0.797321, 1341.2, NA, NA, NA, NA, NA, NA, NA, NA
problems2021-xai-mindset2-heart-c, 3600.44, 1.552517, 4353.2, NA, NA, NA, NA, NA, NA, NA, NA
problems2021-xai-mindset2-irish, 0.58, 0.024470, 16.9, 1.27, 44178456, 0.260645, 0.081655, 36.9, 2136.00, 2757.1, 1
problems2021-xai-mindset2-mux6, 0.42, 0.001551, 0.0, 0.49, 1793613, 0.012407, 0.005363, 0.0, 5.20, 70.1, 1
problems2021-xai-mindset2-schizo, 3600.43, 13.838383, 4911.2, NA, NA, NA, NA, NA, NA, NA, NA
problems2021-xai-mindset2-titanic, 0.91, 0.000494, 0.0, 0.97, 483831, 0.003438, 0.002361, 0.0, 1.11, 26.1, 1
problems2021-xai-mindset2-uci_mammo_data, 1121.08, 0.026442, 112.6, 1128.92, 3331497343, 0.275218, 0.085873, 115.2, 5676.21, 3401.4, 1
problems2021-atcoss-sugar-atcoss_sugar_06, 716.32, 0.013712, 393.4, 742.80, 2663092000, 0.131285, 0.043410, 402.1, 2729.12, 5442.6, 1
problems2021-phylogenetic-trees_berg-ms_320_20_20-0, 2200.60, 0.016596, 5461.0, 2421.22, 16184153935, 0.153007, 0.059042, 5462.0, 7342.37, 11958.9, 1
problems2021-exploits-synthesis_changjian_zhang-meltdown_min, 619.62, 0.376522, 1874.3, 639.66, 1163484873, 3.272337, 0.917800, 2027.8, 7590.93, 65537.5, 0
problems2021-packup-rand813_l2, 82.03, 4.158940, 1409.5, 155.94, 5209733934, 43.082486, 11.470364, 3880.3, 5303.84, 65538.4, 0
problems2021-aes-key-recovery-AES1-50-15, 3600.12, 0.013173, 596.8, NA, NA, NA, NA, NA, NA, NA, NA
problems2021-aes-key-recovery-AES1-60-18, 3600.11, 0.010704, 547.0, NA, NA, NA, NA, NA, NA, NA, NA
problems2021-aes-key-recovery-AES1-70-21, 3600.13, 0.005375, 553.4, NA, NA, NA, NA, NA, NA, NA, NA
problems2021-aes-key-recovery-AES1-72-29, 3600.13, 0.006149, 492.3, NA, NA, NA, NA, NA, NA, NA, NA
problems2021-aes-key-recovery-AES1-74-34, 3600.06, 0.004391, 617.8, NA, NA, NA, NA, NA, NA, NA, NA
problems2021-aes-key-recovery-AES2-50-51, 3600.06, 0.018505, 517.6, NA, NA, NA, NA, NA, NA, NA, NA
problems2021-aes-key-recovery-AES2-50-54, 3600.09, 0.018208, 732.8, NA, NA, NA, NA, NA, NA, NA, NA
problems2021-aes-key-recovery-AES2-50-55, 3600.16, 0.015522, 720.6, NA, NA, NA, NA, NA, NA, NA, NA
problems2021-aes-key-recovery-AES2-60-58, 3600.10, 0.008887, 508.1, NA, NA, NA, NA, NA, NA, NA, NA
problems2021-aes-key-recovery-AES2-70-64, 3600.10, 0.005846, 591.7, NA, NA, NA, NA, NA, NA, NA, NA
problems2021-aes-key-recovery-AES2-74-74, 3600.11, 0.004696, 639.4, NA, NA, NA, NA, NA, NA, NA, NA
problems2021-aes-key-recovery-AES2-74-75, 3600.09, 0.007501, 659.4, NA, NA, NA, NA, NA, NA, NA, NA
problems2021-aes-mul_8_11, 3600.99, 37.985307, 13708.2, NA, NA, NA, NA, NA, NA, NA, NA
problems2021-aes-mul_8_13, 3601.01, 39.200134, 14280.0, NA, NA, NA, NA, NA, NA, NA, NA
problems2021-aes-mul_8_14, 3600.84, 36.964069, 12579.0, NA, NA, NA, NA, NA, NA, NA, NA
problems2021-aes-mul_8_3, 3600.17, 3.981569, 1947.6, NA, NA, NA, NA, NA, NA, NA, NA
problems2021-aes-mul_8_9, 3600.39, 10.443569, 6417.5, NA, NA, NA, NA, NA, NA, NA, NA
problems2021-aes-sbox_4, 3600.03, 0.003121, 61.0, NA, NA, NA, NA, NA, NA, NA, NA
problems2021-aes-sbox_8, 114.22, , 32773.5, NA, NA, NA, NA, NA, NA, NA, NA
problems2021-atcoss-mesat-atcoss_mesat_01, 249.75, 0.018019, 103.6, 257.02, 235297213, 0.125826, 0.041337, 104.1, 1026.03, 2205.1, 1
problems2021-atcoss-mesat-atcoss_mesat_02, 3600.12, 0.015915, 756.3, NA, NA, NA, NA, NA, NA, NA, NA
problems2021-atcoss-mesat-atcoss_mesat_03, 3600.10, 0.015884, 463.2, NA, NA, NA, NA, NA, NA, NA, NA
problems2021-atcoss-mesat-atcoss_mesat_04, 3600.13, 0.019590, 508.9, NA, NA, NA, NA, NA, NA, NA, NA
problems2021-atcoss-mesat-atcoss_mesat_11, 3600.10, , 1256.5, NA, NA, NA, NA, NA, NA, NA, NA
problems2021-atcoss-mesat-atcoss_mesat_15, 3600.11, , 1245.4, NA, NA, NA, NA, NA, NA, NA, NA
problems2021-atcoss-mesat-atcoss_mesat_18, 3600.13, 0.015370, 944.6, NA, NA, NA, NA, NA, NA, NA, NA
problems2021-atcoss-sugar-atcoss_sugar_01, 125.57, 0.011767, 77.6, 137.17, 330534040, 0.120291, 0.039547, 86.4, 714.50, 1713.4, 1
problems2021-atcoss-sugar-atcoss_sugar_05, 3600.07, , 818.4, NA, NA, NA, NA, NA, NA, NA, NA
problems2021-atcoss-sugar-atcoss_sugar_10, 3600.11, 0.014146, 448.7, NA, NA, NA, NA, NA, NA, NA, NA
problems2021-bcp-hipp-yRa1-simp-simp-abcd_25.08, 0.97, 0.000270, 0.0, 1.01, 428216, 0.002355, 0.002359, 0.0, 0.98, 26.5, 1
problems2021-bcp-hipp-yRa1-simp-simp-ace_35.09, 0.14, 0.000394, 0.0, 0.19, 494091, 0.003111, 0.001496, 0.0, 1.35, 28.4, 1
problems2021-bcp-hipp-yRa1-simp-simp-cf_15.03, 0.16, 0.000149, 0.0, 0.20, 186100, 0.001171, 0.000710, 0.0, 0.70, 18.6, 1
problems2021-bcp-hipp-yRa1-simp-simp-ibd_45.07, 2.02, 0.001006, 9.7, 2.08, 12314394, 0.008790, 0.004843, 9.9, 11.86, 90.2, 1
problems2021-bcp-hipp-yRa1-simp-simp-unif-10_50r40.02, 0.03, 0.001187, 0.0, 0.09, 1454531, 0.008744, 0.004460, 0.0, 3.33, 56.7, 1
problems2021-bcp-hipp-yRa1-simp-simp-unif-30_50r40.01, 0.21, 0.001070, 0.0, 0.29, 1780010, 0.009053, 0.004484, 0.0, 4.03, 62.4, 1
problems2021-bcp-hipp-yRa1-simp-simp-unif-30_50r4.04, 0.21, 0.000879, 0.0, 0.26, 1016200, 0.007468, 0.003971, 0.0, 3.03, 51.7, 1
problems2021-bcp-hipp-yRa1-simp-simp-unif-50_30.20, 0.30, 0.000379, 0.0, 0.35, 417725, 0.003162, 0.002585, 0.0, 1.38, 27.3, 1
problems2021-bcp-hipp-yRa1-su-SU-100kb__simp-genos.haps.24, 1.86, 0.001902, 6.5, 2.50, 23718238, 0.018301, 0.008328, 6.6, 16.33, 122.4, 1
problems2021-bcp-hipp-yRa1-su-SU2__simp-genos.haps.61, 0.64, 0.001215, 0.0, 0.74, 4263381, 0.024892, 0.013414, 0.0, 16.75, 244.1, 1
problems2021-bcp-msp-normalized-ii8a2, 3600.09, 0.016273, 137.1, NA, NA, NA, NA, NA, NA, NA, NA
problems2021-bcp-mtg-c1355_F127gat-418gat@1, 0.73, 0.001137, 0.0, 0.83, 1455831, 0.009013, 0.004187, 0.0, 3.93, 63.3, 1
problems2021-CircuitDebuggingProblems-ac97_ctrl-debug.dimacs, 110.55, , 32782.2, NA, NA, NA, NA, NA, NA, NA, NA
problems2021-CircuitDebuggingProblems-divider-debug.dimacs, 108.52, , 32793.1, NA, NA, NA, NA, NA, NA, NA, NA
problems2021-CircuitDebuggingProblems-mem_ctrl-debug.dimacs, 107.76, , 32789.0, NA, NA, NA, NA, NA, NA, NA, NA
problems2021-CircuitDebuggingProblems-mrisc-debug.dimacs, 122.29, , 32780.6, NA, NA, NA, NA, NA, NA, NA, NA
problems2021-CircuitDebuggingProblems-rsdecoder-debug.dimacs, 188.35, , 32792.1, NA, NA, NA, NA, NA, NA, NA, NA
problems2021-CircuitDebuggingProblems-spi-debug.dimacs, 109.35, , 32775.2, NA, NA, NA, NA, NA, NA, NA, NA
problems2021-CircuitDebuggingProblems-sudoku-debug.dimacs, 232.41, , 32788.9, NA, NA, NA, NA, NA, NA, NA, NA
problems2021-CircuitDebuggingProblems-vga-debug.dimacs, 106.92, , 32769.6, NA, NA, NA, NA, NA, NA, NA, NA
problems2021-CircuitDebuggingProblems-wb-debug.dimacs, 110.55, , 32772.6, NA, NA, NA, NA, NA, NA, NA, NA
problems2021-CircuitTraceCompaction-ctrl, 1.13, 0.000118, 5.0, 0.41, 1107946, 0.000714, 0.000306, 5.1, 2.27, 70.3, 1
problems2021-CircuitTraceCompaction-mrisc_mem2wire, 122.97, 0.000185, 78.2, 126.25, 51590137, 0.000872, 0.000329, 78.9, 340.59, 1119.7, 1
problems2021-CircuitTraceCompaction-spi, 6.71, 0.000605, 31.8, 6.33, 8138155, 0.004325, 0.001411, 31.7, 15.54, 456.9, 1
problems2021-CircuitTraceCompaction-sudoku, 23.70, 0.000158, 153.8, 25.32, 62260025, 0.000874, 0.000350, 152.8, 79.67, 2898.8, 1
problems2021-close_solutions-SAT04__industrial__vangelder__cnf-color__abb313GPIA-9-tr.used-as.sat04-321.cnf.wcnf.6, 3600.88, 34.146520, 12145.1, NA, NA, NA, NA, NA, NA, NA, NA
problems2021-close_solutions-SAT04__industrial__velev__pipe-sat-1-1__12pipe_bug4_q0.used-as.sat04-723.cnf.wcnf.4, 108.02, , 32782.5, NA, NA, NA, NA, NA, NA, NA, NA
problems2021-close_solutions-SAT11__application__fuhs__AProVE11__AProVE11-12.cnf.wcnf.3, 115.54, , 32780.2, NA, NA, NA, NA, NA, NA, NA, NA
problems2021-close_solutions-SAT11__application__jarvisalo__AAAI2010-SATPlanning__aaai10-planning-ipc5-pipesworld-12-step16.cnf.wcnf.6, 289.38, , 32781.9, NA, NA, NA, NA, NA, NA, NA, NA
problems2021-close_solutions-SAT11__application__jarvisalo__AAAI2010-SATPlanning__aaai10-planning-ipc5-pipesworld-18-step16.cnf.wcnf.2, 921.34, , 32779.8, NA, NA, NA, NA, NA, NA, NA, NA
problems2021-close_solutions-SAT11__application__jarvisalo__AAAI2010-SATPlanning__aaai10-planning-ipc5-pipesworld-27-step14.cnf.wcnf.1, 286.32, , 32777.6, NA, NA, NA, NA, NA, NA, NA, NA
problems2021-close_solutions-SAT11__application__jarvisalo__smtqfbv-aigs__smtlib-qfbv-aigs-rfunit_flat-64-tseitin.cnf.wcnf.3, 224.21, , 32787.8, NA, NA, NA, NA, NA, NA, NA, NA
problems2021-close_solutions-SAT11__application__jarvisalo__smtqfbv-aigs__smtlib-qfbv-aigs-rfunit_flat-64-tseitin.cnf.wcnf.5, 246.49, , 32783.6, NA, NA, NA, NA, NA, NA, NA, NA
problems2021-close_solutions-SAT11__application__leberre__2dimensionalstrippacking__E05F18.cnf.wcnf.7, 3600.28, 10.425413, 3839.4, NA, NA, NA, NA, NA, NA, NA, NA
problems2021-close_solutions-SAT11__application__manthey__traffic__traffic_r_sat.cnf.wcnf.5, 131.61, , 32798.0, NA, NA, NA, NA, NA, NA, NA, NA
problems2021-close_solutions-SAT11__application__manthey__traffic__traffic_r_sat.cnf.wcnf.6, 132.65, , 32796.1, NA, NA, NA, NA, NA, NA, NA, NA
problems2021-close_solutions-teams20_l10a.cnf, 3600.20, 3.733827, 1894.3, NA, NA, NA, NA, NA, NA, NA, NA
problems2021-ConsistentQueryAnswering-real-2, 1.14, 0.002968, 50.3, 0.76, 23296928, 0.103489, 0.059294, 66.1, 460.85, 2310.7, 1
problems2021-ConsistentQueryAnswering-real-5, 408.16, 25.183777, 3324.3, 504.69, 25144852480, 25.183777, NA, 32768.5, NA, NA, NA
problems2021-ConsistentQueryAnswering-real-6, 1.33, 0.002755, 55.5, 1.11, 24774495, 0.104448, 0.055676, 61.7, 395.09, 2401.2, 1
problems2021-ConsistentQueryAnswering-synthetic-10, 3.96, 3.889301, 28.9, 324.44, 30676103411, 175.304867, 77.320860, 19650.1, 2023.24, 65537.9, 0
problems2021-ConsistentQueryAnswering-synthetic-12, 6.24, 5.863828, 36.2, 459.18, 31453085696, 289.282475, 124.985351, 29719.3, 1952.04, 65539.3, 0
problems2021-ConsistentQueryAnswering-synthetic-14, 1.35, 0.656748, 41.6, 51.01, 4583871072, 26.124544, 12.618649, 3061.4, 2025.39, 65537.7, 0
problems2021-ConsistentQueryAnswering-synthetic-15, 0.53, 0.079066, 0.0, 6.86, 547722231, 3.212856, 1.600056, 396.7, 1791.88, 65537.2, 0
problems2021-ConsistentQueryAnswering-synthetic-21, 16.80, 8.644346, 252.8, , NA, NA, NA, , NA, NA, NA
problems2021-ConsistentQueryAnswering-synthetic-3, 1.19, 0.352489, 12.7, 20.17, 922746880, 10.213730, 7.051743, 1726.2, 1919.56, 65536.3, 0
problems2021-ConsistentQueryAnswering-synthetic-5, 0.79, 0.193815, 7.9, 15.83, 1350504709, 7.677184, 3.820174, 939.4, 1759.22, 65538.1, 0
problems2021-ConsistentQueryAnswering-synthetic-7, 0.50, 0.206066, 7.9, 16.89, 1513820166, 8.484736, 4.177705, 1029.2, 1708.08, 65539.4, 0
problems2021-decision-tree-anneal-un-formula_0.8_2021_atleast_127_max-6_reduced_incomplete_tree, 3600.67, 0.054232, 9921.1, NA, NA, NA, NA, NA, NA, NA, NA
problems2021-decision-tree-anneal-un-formula_0.8_2021_atleast_31_max-4_reduced_incomplete_tree, 3600.44, 0.053533, 4167.1, NA, NA, NA, NA, NA, NA, NA, NA
problems2021-decision-tree-australian-credit-un-formula_0.8_2021_atleast_127_max-6_reduced_incomplete_tree, 3600.63, 0.034545, 9896.0, NA, NA, NA, NA, NA, NA, NA, NA
problems2021-decision-tree-australian-credit-un-formula_0.8_2021_atleast_15_max-3_reduced_incomplete_tree, 3600.24, 0.032753, 2009.2, NA, NA, NA, NA, NA, NA, NA, NA
problems2021-decision-tree-breast-cancer-un-rest-stratified-formula_0.8_2021_atleast_63_max-5_reduced_incomplete_tree, 3600.52, 0.038144, 4758.6, NA, NA, NA, NA, NA, NA, NA, NA
problems2021-decision-tree-car-un-formula_0.8_2021_atleast_127_max-6_reduced_incomplete_tree, 3600.39, 0.236900, 3635.6, NA, NA, NA, NA, NA, NA, NA, NA
problems2021-decision-tree-heart-cleveland-un-formula_0.8_2021_atleast_127_max-6_reduced_incomplete_tree, 3600.87, 0.013679, 9577.2, NA, NA, NA, NA, NA, NA, NA, NA
problems2021-decision-tree-heart-cleveland-un-formula_0.8_2021_atleast_63_max-5_reduced_incomplete_tree, 3600.60, 0.009695, 6892.6, NA, NA, NA, NA, NA, NA, NA, NA
problems2021-decision-tree-hypothyroid-un-formula_0.8_2021_atleast_31_max-4_reduced_incomplete_tree, 3600.28, 1.026161, 2667.1, NA, NA, NA, NA, NA, NA, NA, NA
problems2021-decision-tree-lymph-un-formula_0.8_2021_atleast_127_max-6_reduced_incomplete_tree, 3600.75, 0.003918, 9966.5, NA, NA, NA, NA, NA, NA, NA, NA
problems2021-decision-tree-mushroom-un-formula_0.8_2021_atleast_127_max-6_reduced_incomplete_tree, 3600.67, 7.020507, 7137.8, NA, NA, NA, NA, NA, NA, NA, NA
problems2021-decision-tree-primary-tumor-un-formula_0.8_2021_atleast_15_max-3_reduced_incomplete_tree, 3600.14, 0.009745, 572.5, NA, NA, NA, NA, NA, NA, NA, NA
problems2021-decision-tree-primary-tumor-un-formula_0.8_2021_atleast_31_max-4_reduced_incomplete_tree, 3600.26, 0.012202, 2409.9, NA, NA, NA, NA, NA, NA, NA, NA
problems2021-decision-tree-soybean-un-formula_0.8_2021_atleast_127_max-6_reduced_incomplete_tree, 3600.63, 0.030680, 8726.4, NA, NA, NA, NA, NA, NA, NA, NA
problems2021-decision-tree-soybean-un-formula_0.8_2021_atleast_15_max-3_reduced_incomplete_tree, 3600.06, 0.030860, 655.6, NA, NA, NA, NA, NA, NA, NA, NA
problems2021-decision-tree-soybean-un-formula_0.8_2021_atleast_31_max-4_reduced_incomplete_tree, 3600.17, 0.030851, 2222.4, NA, NA, NA, NA, NA, NA, NA, NA
problems2021-decision-tree-splice-1-un-formula_0.8_2021_atleast_15_max-3_reduced_incomplete_tree, 3600.33, 0.956722, 3353.5, NA, NA, NA, NA, NA, NA, NA, NA
problems2021-decision-tree-splice-1-un-formula_0.8_2021_atleast_63_max-5_reduced_incomplete_tree, 3600.40, 0.975042, 5173.1, NA, NA, NA, NA, NA, NA, NA, NA
problems2021-decision-tree-tic-tac-toe-un-formula_0.8_2021_atleast_127_max-6_reduced_incomplete_tree, 3600.33, 0.073452, 3339.5, NA, NA, NA, NA, NA, NA, NA, NA
problems2021-decision-tree-tic-tac-toe-un-formula_0.8_2021_atleast_31_max-4_reduced_incomplete_tree, 3600.18, 0.070204, 1446.3, NA, NA, NA, NA, NA, NA, NA, NA
problems2021-decision-tree-tic-tac-toe-un-formula_0.8_2021_atleast_63_max-5_reduced_incomplete_tree, 3600.18, 0.073480, 986.3, NA, NA, NA, NA, NA, NA, NA, NA
problems2021-decision-tree-vote-un-formula_0.8_2021_atleast_15_max-3_reduced_incomplete_tree, 3163.86, 0.015397, 530.7, 3600.09, 27886130237, 0.157883, 0.050970, 531.2, NA, NA, NA
problems2021-decision-tree-vote-un-formula_0.8_2021_atleast_31_max-4_reduced_incomplete_tree, 3600.21, 0.017805, 2060.8, NA, NA, NA, NA, NA, NA, NA, NA
problems2021-decision-tree-vote-un-formula_0.8_2021_atleast_63_max-5_reduced_incomplete_tree, 3600.48, 0.016037, 5399.1, NA, NA, NA, NA, NA, NA, NA, NA
problems2021-des-cnf.11.p.9, 247.49, 2.145165, 928.1, 293.48, 4104184084, 18.386969, 5.127254, 2185.2, 3982.65, 65538.6, 0
problems2021-des-cnf.13.p.6, 85.33, 3.037353, 1231.3, 135.85, 4359235658, 26.130116, 7.063517, 2953.8, 5151.82, 65536.5, 0
problems2021-des-cnf.14.d.10, 54.58, 2.625145, 1076.2, 94.41, 3733731597, 22.381358, 6.321794, 2577.3, 4664.46, 65536.8, 0
problems2021-des-cnf.14.p.5, 290.67, 3.035829, 1225.4, 372.04, 5137002025, 25.865703, 7.056550, 2948.5, 5097.90, 65538.4, 0
problems2021-des-cnf.14.p.8, 953.43, 4.287565, 1721.1, 1048.64, 8200550689, 34.989783, 9.636716, 4104.2, 5859.89, 65536.5, 0
problems2021-des-cnf.15.p.10, 3600.24, 4.760967, 2496.5, NA, NA, NA, NA, NA, NA, NA, NA
problems2021-des-cnf.16.p.4, 104.83, 3.353877, 1382.8, 141.86, 4959758009, 28.708703, 7.976383, 3339.6, 5782.82, 65538.1, 0
problems2021-des-cnf.17.t.10, 179.21, 6.499919, 2483.1, 277.89, 9211977180, 53.537394, 14.783580, 6074.7, 6500.85, 65537.4, 0
problems2021-des-cnf.19.d.10, 84.08, 4.342903, 1789.1, 154.23, 6376058597, 37.906089, 10.433080, 4349.1, 4793.37, 65536.5, 0
problems2021-des-cnf.19.p.5, 199.26, 6.202018, 2430.0, 295.63, 8964920492, 52.026925, 14.377627, 5900.1, 6532.71, 65548.8, 0
problems2021-des-cnf.19.t.7, 196.23, 7.434759, 2799.4, 313.74, 10468972476, 64.022887, 17.731899, 6865.1, 7847.34, 65538.0, 0
problems2021-des-cnf.8.p.9, 76.07, 1.167394, 528.7, 99.76, 2037172430, 10.702150, 3.009148, 1254.1, 2663.87, 65537.5, 0
problems2021-drmx-atmostk-drmx-am12-outof-40-ecardn, 1.46, 0.000351, 2.4, 1.09, 6495326, 0.002441, 0.002213, 2.8, 5.03, 23.4, 1
problems2021-drmx-atmostk-drmx-am16-outof-45-ecardn, 1.60, 0.000409, 3.2, 2.06, 15414577, 0.002992, 0.002461, 3.2, 10.00, 28.3, 1
problems2021-drmx-atmostk-drmx-am16-outof-45-emtot, 0.58, 0.000407, 0.0, 0.67, 695913, 0.003066, 0.001291, 0.0, 2.04, 24.2, 1
problems2021-drmx-atmostk-drmx-am20-outof-50-ecardn, 4.39, 0.000469, 4.0, 5.20, 47523915, 0.003983, 0.002730, 4.0, 28.41, 35.0, 1
problems2021-drmx-atmostk-drmx-am20-outof-50-ekmtot, 1.14, 0.000511, 2.7, 0.62, 4255506, 0.004023, 0.002610, 2.7, 4.88, 27.6, 1
problems2021-drmx-atmostk-drmx-am20-outof-50-eseqc, 1.28, 0.000457, 3.2, 1.39, 8714826, 0.003778, 0.002682, 3.2, 9.31, 30.4, 1
problems2021-drmx-atmostk-drmx-am28-outof-60-ekmtot, 1.38, 0.000662, 2.9, 1.10, 6143061, 0.005313, 0.003073, 3.2, 6.37, 34.3, 1
problems2021-drmx-atmostk-drmx-am28-outof-60-emtot, 1.36, 0.000667, 3.2, 1.15, 8082136, 0.005236, 0.003091, 3.2, 7.08, 34.3, 1
problems2021-drmx-atmostk-drmx-am28-outof-60-etot, 6.57, 0.000647, 5.5, 7.34, 63537467, 0.005117, 0.003146, 5.5, 47.90, 42.1, 1
problems2021-drmx-atmostk-drmx-am32-outof-70-ecardn, 1307.20, 0.000832, 52.5, 1479.82, 12728732922, 0.006645, 0.003454, 52.6, 6283.95, 355.1, 1
problems2021-drmx-atmostk-drmx-am32-outof-70-esortn, 3600.07, 0.000900, 79.3, NA, NA, NA, NA, NA, NA, NA, NA
problems2021-drmx-atmostk-drmx-am32-outof-70-etot, 13.68, 0.001165, 8.1, 14.68, 110617373, 0.006886, 0.003740, 8.1, 82.47, 58.1, 1
problems2021-drmx-cryptogen-geffe128_0, 3600.13, 0.294726, 1689.6, NA, NA, NA, NA, NA, NA, NA, NA
problems2021-drmx-cryptogen-geffe128_2, 3600.22, 0.299716, 1343.4, NA, NA, NA, NA, NA, NA, NA, NA
problems2021-drmx-cryptogen-geffe128_3, 3600.19, 0.304148, 1404.0, NA, NA, NA, NA, NA, NA, NA, NA
problems2021-drmx-cryptogen-threshold128_1, 3600.09, 0.309101, 988.7, NA, NA, NA, NA, NA, NA, NA, NA
problems2021-drmx-cryptogen-threshold128_7, 3600.15, 0.313329, 1277.1, NA, NA, NA, NA, NA, NA, NA, NA
problems2021-drmx-cryptogen-wolfram72_3, 3601.38, 60.410879, 21375.9, NA, NA, NA, NA, NA, NA, NA, NA
problems2021-drmx-cryptogen-wolfram72_6, 3601.40, 65.289098, 21228.2, NA, NA, NA, NA, NA, NA, NA, NA
problems2021-drmx-cryptogen-wolfram72_8, 3601.73, 61.817427, 21367.8, NA, NA, NA, NA, NA, NA, NA, NA
problems2021-drmx-cryptogen-wolfram72_9, 3601.77, 61.916426, 21393.0, NA, NA, NA, NA, NA, NA, NA, NA
problems2021-drmx-cryptogen-wolfram80_3, 3602.49, 98.987481, 31587.6, NA, NA, NA, NA, NA, NA, NA, NA
problems2021-drmx-cryptogen-wolfram80_5, 3602.85, 103.403516, 31719.8, NA, NA, NA, NA, NA, NA, NA, NA
problems2021-drmx-cryptogen-wolfram80_7, 3602.10, 102.797557, 31924.4, NA, NA, NA, NA, NA, NA, NA, NA
problems2021-extension-enforcement-extension-enforcement_non-strict_stb_150_0.05_1_8_3, 3602.35, 93.901769, 30363.7, NA, NA, NA, NA, NA, NA, NA, NA
problems2021-extension-enforcement-extension-enforcement_non-strict_stb_200_0.05_4_10_0, 102.46, , 32793.3, NA, NA, NA, NA, NA, NA, NA, NA
problems2021-extension-enforcement-extension-enforcement_non-strict_stb_200_0.1_4_10_2, 105.32, , 32789.3, NA, NA, NA, NA, NA, NA, NA, NA
problems2021-extension-enforcement-extension-enforcement_strict_com_100_0.05_4_20_3, 3600.44, 15.520369, 5703.4, NA, NA, NA, NA, NA, NA, NA, NA
problems2021-extension-enforcement-extension-enforcement_strict_com_150_0.05_4_30_4, 3601.89, 91.633480, 28349.3, NA, NA, NA, NA, NA, NA, NA, NA
problems2021-extension-enforcement-extension-enforcement_strict_com_150_0.1_4_15_1, 3601.82, 88.099563, 30063.6, NA, NA, NA, NA, NA, NA, NA, NA
problems2021-extension-enforcement-extension-enforcement_strict_com_150_0.3_3_8_3, 3602.76, 95.809501, 30530.1, NA, NA, NA, NA, NA, NA, NA, NA
problems2021-extension-enforcement-extension-enforcement_strict_com_200_0.05_0_40_1, 108.10, , 32795.7, NA, NA, NA, NA, NA, NA, NA, NA
problems2021-extension-enforcement-extension-enforcement_strict_com_200_0.05_4_20_1, 119.71, , 32778.4, NA, NA, NA, NA, NA, NA, NA, NA
problems2021-extension-enforcement-extension-enforcement_strict_com_200_0.05_4_20_4, 103.00, , 32772.3, NA, NA, NA, NA, NA, NA, NA, NA
problems2021-extension-enforcement-extension-enforcement_strict_com_200_0.1_0_10_1, 123.65, , 32783.8, NA, NA, NA, NA, NA, NA, NA, NA
problems2021-extension-enforcement-extension-enforcement_strict_com_200_0.2_2_10_2, 107.52, , 32776.2, NA, NA, NA, NA, NA, NA, NA, NA
problems2021-fault-diagnosis-s01423_nan_explicit_8_0, 9.83, 1.354456, 536.8, 31.19, 1875525554, 11.573202, 3.309014, 1331.4, 2728.28, 65539.3, 0
problems2021-fault-diagnosis-s38417_nan_explicit_12_0, 8.38, 1.270286, 543.1, 29.79, 1908256813, 11.639739, 3.269032, 1335.5, 2714.76, 65569.7, 0
problems2021-fault-diagnosis-s38417_nan_explicit_14_0, 11.73, 1.391081, 553.1, 34.59, 1887080143, 11.973261, 3.340080, 1345.2, 2949.97, 65540.5, 0
problems2021-fault-diagnosis-s38417_nan_explicit_17_0, 9.93, 1.356330, 551.6, 34.42, 1913142085, 11.919276, 3.325402, 1345.4, 2846.64, 65537.3, 0
problems2021-fault-diagnosis-s38417_nan_explicit_18_0, 9.38, 1.281248, 543.9, 30.57, 1908374274, 11.625849, 3.321736, 1336.0, 2767.32, 65536.1, 0
problems2021-fault-diagnosis-s38417_nan_explicit_3_0, 8.27, 1.283003, 545.7, 30.28, 1969758887, 11.626948, 3.323465, 1341.8, 2726.08, 65542.3, 0
problems2021-fault-diagnosis-s38584_nan_explicit_20_0, 121.22, , 32793.1, NA, NA, NA, NA, NA, NA, NA, NA
problems2021-fault-diagnosis-s38584_nan_explicit_21_0, 119.45, , 32793.3, NA, NA, NA, NA, NA, NA, NA, NA
problems2021-fault-diagnosis-s38584_nan_explicit_23_0, 120.63, , 32789.7, NA, NA, NA, NA, NA, NA, NA, NA
problems2021-fault-diagnosis-s38584_nan_explicit_24_0, 120.03, , 32798.1, NA, NA, NA, NA, NA, NA, NA, NA
problems2021-fault-diagnosis-s38584_nan_explicit_42_0, 121.85, , 32768.9, NA, NA, NA, NA, NA, NA, NA, NA
problems2021-fault-diagnosis-s38584_nan_explicit_46_0, 249.29, , 32769.0, NA, NA, NA, NA, NA, NA, NA, NA
problems2021-frb-frb20-11-1.partial, 0.85, 0.006690, 6.0, 1.28, 10615495, 0.066845, 0.020880, 10.8, 64.59, 418.4, 1
problems2021-frb-frb20-11-3.partial, 0.64, 0.006983, 6.0, 1.33, 12584731, 0.066676, 0.020899, 10.7, 61.96, 420.3, 1
problems2021-frb-frb20-11-4.partial, 0.29, 0.006752, 5.8, 0.74, 10319489, 0.066972, 0.020810, 10.7, 62.96, 419.9, 1
problems2021-frb-frb25-13-2.partial, 1.99, 0.014089, 11.9, 2.40, 31752273, 0.137606, 0.041621, 20.6, 481.35, 1163.5, 1
problems2021-frb-frb25-13-3.partial, 2.36, 0.014035, 10.9, 2.93, 35899417, 0.140220, 0.041200, 20.4, 518.97, 1163.3, 1
problems2021-frb-frb25-13-4.partial, 0.96, 0.013685, 10.4, 2.01, 24057019, 0.136090, 0.041258, 20.7, 453.97, 1161.6, 1
problems2021-frb-frb25-13-5.partial, 3.41, 0.014458, 13.6, 4.06, 39448236, 0.139993, 0.042387, 20.7, 613.44, 1161.6, 1
problems2021-frb-frb30-15-1.partial, 23.49, 0.025150, 27.3, 26.32, 151131845, 0.264069, 0.081232, 37.3, 2554.50, 2764.2, 1
problems2021-frb-frb30-15-2.partial, 13.89, 0.024857, 24.6, 16.76, 128483183, 0.261859, 0.082297, 37.3, 2466.82, 2761.7, 1
problems2021-frb-frb30-15-5.partial, 8.09, 0.025945, 20.1, 8.97, 80863385, 0.269045, 0.081610, 36.8, 2338.08, 2761.7, 1
problems2021-gen-hyper-tw-GenHyperTW_adder_15, 3600.34, 0.002007, 2218.3, NA, NA, NA, NA, NA, NA, NA, NA
problems2021-gen-hyper-tw-GenHyperTW_aim-50-3_4-yes1-3, 3600.25, , 1444.6, NA, NA, NA, NA, NA, NA, NA, NA
problems2021-gen-hyper-tw-GenHyperTW_atv_partial_system, 3600.38, 0.002802, 3175.8, NA, NA, NA, NA, NA, NA, NA, NA
problems2021-gen-hyper-tw-GenHyperTW_b02, 63.65, 0.000144, 33.3, 69.90, 431015496, 0.001114, 0.000457, 33.5, 275.11, 171.9, 1
problems2021-gen-hyper-tw-GenHyperTW_clique_15, 3600.22, 0.000160, 1115.0, NA, NA, NA, NA, NA, NA, NA, NA
problems2021-gen-hyper-tw-GenHyperTW_dubois25, 3600.08, 0.003392, 631.7, NA, NA, NA, NA, NA, NA, NA, NA
problems2021-gen-hyper-tw-GenHyperTW_flat30-50, 3600.33, , 2686.7, NA, NA, NA, NA, NA, NA, NA, NA
problems2021-gen-hyper-tw-GenHyperTW_hole6, 3600.12, 0.003638, 869.5, NA, NA, NA, NA, NA, NA, NA, NA
problems2021-gen-hyper-tw-GenHyperTW_par8-3-c, 3600.34, , 1903.6, NA, NA, NA, NA, NA, NA, NA, NA
problems2021-gen-hyper-tw-GenHyperTW_pret60_25, 3600.07, 0.002498, 509.6, NA, NA, NA, NA, NA, NA, NA, NA
problems2021-gen-hyper-tw-GenHyperTW_uf20-099, 3600.12, 0.001401, 479.6, NA, NA, NA, NA, NA, NA, NA, NA
problems2021-railway-transport-p15, 25.69, 0.158762, 113.4, 29.95, 319894968, 1.628950, 0.484156, 227.9, 36000.45, 36831.9, 0
problems2021-uaq_gazzarata-min-uaq-min-nr-nr50-np400-rpp5-nc0-rs0-t0-plb100-n9, 3247.23, 0.012299, 84.8, 2966.20, 3637620629, 0.115924, 0.034805, 87.5, 10378.16, 1158.6, 1
problems2021-xai-mindset2-promoters, 1.17, 0.222196, 110.9, 5.45, 366680104, 2.303775, 0.682514, 276.5, 36001.66, 61907.5, 0
problems2021-frb-frb35-17-4.partial, 1276.35, 0.050688, 134.0, 1366.06, 2840466406, 0.525359, 0.157343, 133.8, 20711.75, 6224.4, 1
problems2021-packup-rand794_l2, 292.53, 18.135938, 4467.1, 509.67, 16275814540, 130.949707, 32.649536, 11241.9, 12057.17, 65537.9, 0
problems2021-packup-rand937_l2, 246.10, 12.650705, 3999.7, 431.10, 14494820833, 113.668359, 27.777142, 10034.9, 10413.30, 65542.7, 0
problems2021-packup-rand96_l2, 238.93, 11.732912, 4039.0, 410.33, 14651230236, 107.765836, 28.310142, 10133.6, 10475.06, 65544.6, 0
problems2021-phylogenetic-trees_berg-ms_200_26_20-0, 1346.12, 0.006251, 3814.7, 1674.22, 16025624646, 0.061916, 0.020123, 3814.0, 4820.61, 13056.0, 1
problems2021-phylogenetic-trees_berg-ms_250_20_10-0, 653.36, 0.009681, 2426.3, 1018.99, 9857863404, 0.092600, 0.307038, 2425.1, 3175.17, 12021.8, 1
problems2021-planning-bnn-cellda_x_12, 1372.50, 0.000756, 5997.2, 1459.11, 691285508, 0.004577, 0.001483, 5996.7, 3018.12, 65565.9, 0
problems2021-planning-bnn-navigation_5x5_10, 1545.60, 0.000656, 1435.3, 1729.25, 675292220, 0.003623, 0.001142, 1436.7, 4214.44, 18005.5, 1
problems2021-planning-bnn-navigation_5x5_8, 1362.35, 0.000440, 1245.7, 1364.37, 833882910, 0.002339, 0.000790, 1244.7, 3820.54, 15607.8, 1
problems2021-planning-bnn-navigation_5x5_9, 1285.35, 0.000580, 1287.4, 1262.96, 594983338, 0.002955, 0.000972, 1286.2, 4058.52, 15958.2, 1